path	size_bytes	sha256	media_type	role
.dockerignore	172	802558587bc68f1355f5ec1539f41c65a189cb0bf3ce8c2b2ef2d2d9b4960e0b	application/octet-stream	other_release_file
.env.example	592	46b9e7b0bd5f8c4a46c99754c294833814138deeb022b742a0cff15a107c6379	application/octet-stream	other_release_file
.gitattributes	209	63e72c4307fb69a83231f23cb427088727a5cfa60fb9b6a57861cae23dd8374c	application/octet-stream	other_release_file
.github/workflows/ci.yml	802	5b454ab79e21266a9a33ec96bcc898ddbe83c0eb67e61b5d639ac12715c4f8ae	application/yaml	other_release_file
.gitignore	404	976b4fd6db672c3c8de33a6ad956a020e0175bce2451ffb8a719a58bbc3cacd9	application/octet-stream	other_release_file
.zenodo.json	1429	500c60f0ffa29270d423e688afe12d04f06eb9d1758f8d3fda6adb125a5b89a9	application/json	top_level_metadata
ARTEFACT_EVALUATION.md	499	34879c9ea3ff258fe68b0211882e36e21027d3c144039bdaaeee8176dd5a4e32	text/markdown	other_release_file
CHANGELOG.md	647	902afd97171c2b5a7dd17e601cb8804dfc167ea35a9543e93816bd5c9cb793df	text/markdown	top_level_metadata
CITATION.cff	922	fe6ce5fc92c34e16c98e5070604cec0306ef3d4b9117a50552dc5f253bc60d05	application/octet-stream	top_level_metadata
DATA_ACCESS.md	962	ffe4520ab27bf901d1fe0eb77523dbfe8d5412fa702a14960d1d7a79dd84a090	text/markdown	top_level_metadata
FIGURE_GENERATION.md	765	ac5c7c1ca706a2e4c9f7eb1f0fb44a4c71a540c525809630fa3213d7f5a530f5	text/markdown	other_release_file
FIGURE_LAYOUT_QA.csv	647	34f10dec0b12700e76e34bcbeaae0374c6c1b2ad058fd6ef6fe04d16edc4ea76	text/csv	other_release_file
GENERATED_FIGURES_CONTACT_SHEET.png	471804	c1870210ea70587c92cd728a475fa261f70ad30215b4c8106ce7aade7e3863e1	image/png	other_release_file
LICENSE	901	fb45d51f658c8b92558a6eac66118988071298d3cc9c94fc0f2f5303be4e6c75	application/octet-stream	top_level_metadata
MEASUREMENT_PROTOCOL.md	7176	5fdf3ef0017ddd14042385aa35c854c41204f691cbe3b6d6b24ba679fda7d209	text/markdown	other_release_file
Makefile	6151	85d4b07fc159add6a8b9d12d2aa475c4aed51b623f73715882cb785c73d96a08	application/octet-stream	other_release_file
OUTPUT_MANIFEST.md	40737	0e0573593a5e655ad98b452862e37eee90e3e05949cdfc46b977255fdb5aa1ea	text/markdown	other_release_file
QUICKSTART.md	575	76b0c7df77109ed94d3052e69254d10e99e327ec636e76e9024a60b012c03bc9	text/markdown	top_level_metadata
README.md	2359	30e4c0b26258b52dd2daa671086a824176a8b7ea2b2cafb3801fc8ae682caf82	text/markdown	top_level_metadata
REPRODUCIBILITY.md	745	63364c3a697b864472fe24ec7c3c0d8c032f47d5f94e79874d71debc87f303b3	text/markdown	top_level_metadata
REVIEWER_REPRODUCTION.md	1163	fe36123652547503b6fe351af9b49bb1d5643136c567c99dbc31f8858d070dfe	text/markdown	top_level_metadata
REVIEWER_SCOPE_NOTE.md	468	6c8ba10106c92ca127a54be6e01df186629273dda39184d91598d9bd8d9cda8b	text/markdown	other_release_file
SPEC.md	21931	37b29c9dece6197bd5902e1dfa7695e1297a04d6135ed169349dab691850f4ac	text/markdown	other_release_file
THREAT_MODEL.md	19563	d816172cb14e0dcdb55b607299a6a685c8afd29216120bb7010bfeefa1f0a5a6	text/markdown	other_release_file
adapters/fabric/README.md	85	e1a81b5fcb103fcab793d7aaa00a98734a25cda947ca517c2a2358c17951b8ff	text/markdown	top_level_metadata
adapters/rekor/README.md	80	336706312f1a0bf2693bd8350ebc5b7ddac5c27d39d0c852feb01e53977a55da	text/markdown	top_level_metadata
adapters/trillian/README.md	90	7befafccc763cc3cc76220c56e774755ac56394382322ff0b8eb0aecbb43040d	text/markdown	top_level_metadata
backends/README.md	106	0f8e2623151bf18870f2c67641e8124af534af21607b4a2952293977fee2488c	text/markdown	top_level_metadata
chaincode/trustevidence_fabric/chaincode.go	1911	8b07fb197907d31995ce80af8b4dff9bc677475a70bc81a65adb0121de7f4011	application/octet-stream	other_release_file
chaincode/trustevidence_fabric/go.mod	102	982809aebcfeda1c6a1dbbc9fa7e8021afeffc0c4be8d50110b96547edbeda08	application/xml-dtd	other_release_file
data/workloads/W_SMOKE_AUDITEVENT.jsonl	1776	25d356a4f3820ce0fdd705a6a3ecadc351da508dcca47b7332f91a29e0cd864f	application/octet-stream	other_release_file
decision/LJI2_SENSITIVITY_PLAN.md	1331	7fe0c37afe4e4a338563eb4769446b16074862bf2fb3e24bee2788874b89d952	text/markdown	other_release_file
decision/LJI_1_RETIREMENT_BRIDGE.md	1410	a67685fc6b37c9201f79ed021ce363704d986f8ad4706ad00856f239c5466dfa	text/markdown	other_release_file
decision/LJI_2_0.md	4542	f2439b258918233065206674bd8df1cdf18345e02cc0593fe8a9b4cd9f465b82	text/markdown	other_release_file
docker/Dockerfile.harness	305	de039c0b98fec9e0851d1b050cf20f7db0138739c21f458dc9f4ee1f533cbc45	application/octet-stream	other_release_file
docker-compose.full.yml	3694	34376a9ef9b644b6885698534ee9460b2a5f39655cc88f2d6fcdfcb8c5310fbb	application/yaml	other_release_file
docs/DOI_AND_METADATA_RECONCILIATION.md	635	e38f4b9450028fef46f29ebaf0e82d234652d432f3ce44959da20068689234ac	text/markdown	documentation
docs/DOI_AND_VERSIONING.md	571	97f67bfa78b501d848bc66efabc2cf6c9d40220ebf69733d675b7fd5a886bc47	text/markdown	documentation
docs/EXTERNAL_SERVICES.md	368	59b35544c4abfb45ee3d892ba5071c2634693ffe758670acf7df2e436bc264a6	text/markdown	documentation
docs/IG_VALIDATION.md	305	22a0bcb97502c0e56dc244b270ae51c7da26a95d910100f702dd62103b35482c	text/markdown	documentation
docs/LICENSE_DOCS_CC_BY_4_0.md	211	2e8d0ec373cd57221fb7201da5d92a7ce1e519966ae3b908066ef0aa4010c5bf	text/markdown	documentation
docs/RESULT_SCHEMAS.md	64	a1c1abb99cf8d1487a3a7b8f81e53997bd4ffa86ef8b24425f2615f2b3a41746	text/markdown	documentation
docs/SHA256SUMS_PROTOCOL.md	151	4942a137e20276cfacf5382773183813894a6fff77fa414a8d0454b880343944	text/markdown	documentation
docs/STANDARDS_PATHWAY.md	270	a1567b3a33808bab297f9126352d569e64dc2dec1bcc6046b34ca6df8c77b19c	text/markdown	documentation
docs/V1_COMPATIBILITY.md	185	7b175a027ca27e4adfa631170f007dc65a144043a664b214f60ef6d9faf1229f	text/markdown	documentation
evaluation_workstreams/01_fhir_balp_validation/FHIR_BALP_CLAIM_BOUNDARY.md	1801	f7b2b64294acc419711784611f917af77bbfb56fb04a60f86f40e9597c6e64fa	text/markdown	evaluation_workstreams_evidence_or_protocol
evaluation_workstreams/01_fhir_balp_validation/LIMITATIONS.md	676	4444ab5505f2e04ea030eeee6bc86bd34c0bc7b9a8a0d2b4b6198a43df7d0b42	text/markdown	evaluation_workstreams_evidence_or_protocol
evaluation_workstreams/01_fhir_balp_validation/README.md	1283	5e2ac75d0323425262db5e7540d37df0355234615ad03c2b21e25c14859fb416	text/markdown	evaluation_workstreams_evidence_or_protocol
evaluation_workstreams/01_fhir_balp_validation/SUSHI_IG_VALIDATOR_LOG_SUMMARY.md	3927	67513d732b7bd30f9cdf8323633a52e2455a6f129a4441edb03d1a1f2274b595	text/markdown	evaluation_workstreams_evidence_or_protocol
evaluation_workstreams/01_fhir_balp_validation/VALIDATION_MATRIX.csv	6818	f46f06199294330389ce1472de9136bff21e725bd01747766efbe9c50b9ec6a0	text/csv	evaluation_workstreams_evidence_or_protocol
evaluation_workstreams/01_fhir_balp_validation/VALIDATION_MATRIX_TEMPLATE.csv	535	c43ff536a912a89ad9bf5c2156d8d3464f8fc7dd7ca3dd33aab29696b310c53e	text/csv	evaluation_workstreams_evidence_or_protocol
evaluation_workstreams/01_fhir_balp_validation/docs/FHIR_BALP_CLAIM_BOUNDARY.md	1801	f7b2b64294acc419711784611f917af77bbfb56fb04a60f86f40e9597c6e64fa	text/markdown	evaluation_workstreams_evidence_or_protocol
evaluation_workstreams/01_fhir_balp_validation/docs/SUSHI_IG_VALIDATOR_LOG_SUMMARY.md	3927	67513d732b7bd30f9cdf8323633a52e2455a6f129a4441edb03d1a1f2274b595	text/markdown	evaluation_workstreams_evidence_or_protocol
evaluation_workstreams/01_fhir_balp_validation/docs/TRUSTEVIDENCE_FIELD_TO_FHIR_PATHS.csv	1389	247fb239eca0c2c5b33acc086159d4f7c06ea900f9f350dc1ecf2c68283e6821	text/csv	evaluation_workstreams_evidence_or_protocol
evaluation_workstreams/01_fhir_balp_validation/examples/auditevent-consent-decision.json	1503	21132f362fe555debf758ad4858afdc10f0a60632a4c3f7d3185a139eec2190c	application/json	evaluation_workstreams_evidence_or_protocol
evaluation_workstreams/01_fhir_balp_validation/examples/auditevent-create-server.json	1500	e2c368add958ec474b726fadbd8a40a4d9d3fb74f0d0c4580c9c92f5775a3e93	application/json	evaluation_workstreams_evidence_or_protocol
evaluation_workstreams/01_fhir_balp_validation/examples/auditevent-disclosure.json	1495	91461956b860fae705b04ded6df27b7335e9e08597f55f551a6a909dbac76fec	application/json	evaluation_workstreams_evidence_or_protocol
evaluation_workstreams/01_fhir_balp_validation/examples/auditevent-query-server.json	1504	8a288d06f9515c11ade2d8ee441351d7c39cc41d5bd11df47da1638379ae435d	application/json	evaluation_workstreams_evidence_or_protocol
evaluation_workstreams/01_fhir_balp_validation/examples/auditevent-read-server.json	1496	3b14ad9c987d207f7ac0c37f4c13c251e115f762b12b725e5a27c2887cff6334	application/json	evaluation_workstreams_evidence_or_protocol
evaluation_workstreams/01_fhir_balp_validation/examples/consent-grant.json	794	a68c0f4f23ad25543e0f5f1db2c0c75dbbdf297463c3e09ba11873e2c40dbeb8	application/json	evaluation_workstreams_evidence_or_protocol
evaluation_workstreams/01_fhir_balp_validation/examples/consent-revocation.json	801	4cbe7c244baf08eed5d359fed6533e61f55818038ef944231cdab7d0caf16f87	application/json	evaluation_workstreams_evidence_or_protocol
evaluation_workstreams/01_fhir_balp_validation/examples/observation-cgm-aggregate.json	480	ecc71adae56d9f0b67e3f073a03bd2e6a84efbae9e22f96d79cc924a6070fe41	application/json	evaluation_workstreams_evidence_or_protocol
evaluation_workstreams/01_fhir_balp_validation/examples/patient-example.json	198	68a265609b96072fce868628f1113fd0617548442c0be3866ea8a342ce854f9b	application/json	evaluation_workstreams_evidence_or_protocol
evaluation_workstreams/01_fhir_balp_validation/examples/provenance-transform.json	822	a791eb9eafc7d518f80528005448e69706924e903dd6f19fc6eb29da739f6926	application/json	evaluation_workstreams_evidence_or_protocol
evaluation_workstreams/01_fhir_balp_validation/examples/trustevidence-receipt-a2.json	859	37e0e8d5556b2ef1efb9b99ad802cd869de822361b1249912740cd8ce6eec8a5	application/json	evaluation_workstreams_evidence_or_protocol
evaluation_workstreams/01_fhir_balp_validation/examples/trustevidence-receipt-a3.json	858	624ae423dd683e67e64d91a0cb8b5ce25c452696ac16cae339bc798dba70b86d	application/json	evaluation_workstreams_evidence_or_protocol
evaluation_workstreams/01_fhir_balp_validation/figures/fhir_balp_validation_pipeline.svg	2351	c568e94a02e4716caf92bf3eaf4779e8a6ce8485ad73b47633407b7d5ec4ef66	image/svg+xml	evaluation_workstreams_evidence_or_protocol
evaluation_workstreams/01_fhir_balp_validation/ig/exp-params.json	149	6547ca3105894e73cf6bbecec3f298d176816216a0c43dfd971979b6187db718	application/json	evaluation_workstreams_evidence_or_protocol
evaluation_workstreams/01_fhir_balp_validation/ig/fsh-generated/fsh-generated/data/fsh-index.json	2292	c7a58cb5d1a8ad4f314a5992bcffa8b0443c67022757b2710b5824f276028eec	application/json	evaluation_workstreams_evidence_or_protocol
evaluation_workstreams/01_fhir_balp_validation/ig/fsh-generated/fsh-generated/fsh-index.txt	1430	5ad7db956d83d585f119e580b42d0d92cc0b9a928a6b6b5db470565b86b0ca69	text/plain	evaluation_workstreams_evidence_or_protocol
evaluation_workstreams/01_fhir_balp_validation/ig/fsh-generated/fsh-generated/includes/fsh-link-references.md	1458	5689f364fb47323a1acc31840524caf371569b01237f714b17d41bd311b21fce	text/markdown	evaluation_workstreams_evidence_or_protocol
evaluation_workstreams/01_fhir_balp_validation/ig/fsh-generated/fsh-generated/resources/AuditEvent-te-auditevent-read-example.json	1430	6e006d214ed6c348226bd77517461b04f78f4317a29392b616c5031e491b3428	application/json	evaluation_workstreams_evidence_or_protocol
evaluation_workstreams/01_fhir_balp_validation/ig/fsh-generated/fsh-generated/resources/CodeSystem-te-backend-type-cs.json	755	076db1f4a2b02fce3771e3ad2d5dff852fa9a645c0788c6afecfacda3f614d04	application/json	evaluation_workstreams_evidence_or_protocol
evaluation_workstreams/01_fhir_balp_validation/ig/fsh-generated/fsh-generated/resources/ImplementationGuide-te.trustevidence.json	7861	9c68e3af9ab68afc787e4f8d1c103655db5c08d1165b756bddc20a83a443d1d5	application/json	evaluation_workstreams_evidence_or_protocol
evaluation_workstreams/01_fhir_balp_validation/ig/fsh-generated/fsh-generated/resources/StructureDefinition-te-backend-type.json	8978	b5c1727301a944167413be9ce9c2602332a0babbc1a41b590dbae8fe0874257c	application/json	evaluation_workstreams_evidence_or_protocol
evaluation_workstreams/01_fhir_balp_validation/ig/fsh-generated/fsh-generated/resources/StructureDefinition-te-evidence-hash.json	8626	3c7d150de06ce45c1473cd3555cb718bc264923cced39f94fce101dbb6f4927d	application/json	evaluation_workstreams_evidence_or_protocol
evaluation_workstreams/01_fhir_balp_validation/ig/fsh-generated/fsh-generated/resources/StructureDefinition-te-policy-version.json	8640	bfd3b473a841750a39ab360bd17ecd45c81119afb256286bfbadcd24c0e58211	application/json	evaluation_workstreams_evidence_or_protocol
evaluation_workstreams/01_fhir_balp_validation/ig/fsh-generated/fsh-generated/resources/StructureDefinition-te-receipt-root.json	8534	3ee771d57a9f71777de8f9d0fe72c6b717140f35eb293907632f487380738111	application/json	evaluation_workstreams_evidence_or_protocol
evaluation_workstreams/01_fhir_balp_validation/ig/fsh-generated/fsh-generated/resources/StructureDefinition-trustevidence-auditevent.json	137061	83c00131fc686666a20f304a7562dda5db0e1a2f29147e1ceaa146dad5796219	application/json	evaluation_workstreams_evidence_or_protocol
evaluation_workstreams/01_fhir_balp_validation/ig/fsh-generated/fsh-generated/resources/StructureDefinition-trustevidence-consent.json	106357	c4d32b936b4eac3242ef36ede8d4ea573c905931238553f71ad931bafcf2c0f5	application/json	evaluation_workstreams_evidence_or_protocol
evaluation_workstreams/01_fhir_balp_validation/ig/fsh-generated/fsh-generated/resources/StructureDefinition-trustevidence-provenance.json	70169	a5b08992d62ca8e08ade4b591b69b77710a420d926a408947d5a7a0d8056a235	application/json	evaluation_workstreams_evidence_or_protocol
evaluation_workstreams/01_fhir_balp_validation/ig/fsh-generated/fsh-generated/resources/StructureDefinition-trustevidence-receipt.json	39493	4dac919bdc3c09088900a7e0e0496c853fea4c2eb50b4ea287ea7bf7da28d8f0	application/json	evaluation_workstreams_evidence_or_protocol
evaluation_workstreams/01_fhir_balp_validation/ig/fsh-generated/fsh-generated/resources/ValueSet-te-backend-type-vs.json	688	beee2ffcdde13fff3b91d25b8b1b0c6187d625e4e469542f7b8f1312819257b9	application/json	evaluation_workstreams_evidence_or_protocol
evaluation_workstreams/01_fhir_balp_validation/ig/ig.ini	114	441c98e8ee813883d850f35f2551e21acab90ae971c92b095a22ed75b74817bd	application/octet-stream	evaluation_workstreams_evidence_or_protocol
evaluation_workstreams/01_fhir_balp_validation/ig/input/examples/auditevent-consent-decision.json	1503	21132f362fe555debf758ad4858afdc10f0a60632a4c3f7d3185a139eec2190c	application/json	evaluation_workstreams_evidence_or_protocol
evaluation_workstreams/01_fhir_balp_validation/ig/input/examples/auditevent-create-server.json	1500	e2c368add958ec474b726fadbd8a40a4d9d3fb74f0d0c4580c9c92f5775a3e93	application/json	evaluation_workstreams_evidence_or_protocol
evaluation_workstreams/01_fhir_balp_validation/ig/input/examples/auditevent-disclosure.json	1495	91461956b860fae705b04ded6df27b7335e9e08597f55f551a6a909dbac76fec	application/json	evaluation_workstreams_evidence_or_protocol
evaluation_workstreams/01_fhir_balp_validation/ig/input/examples/auditevent-query-server.json	1504	8a288d06f9515c11ade2d8ee441351d7c39cc41d5bd11df47da1638379ae435d	application/json	evaluation_workstreams_evidence_or_protocol
evaluation_workstreams/01_fhir_balp_validation/ig/input/examples/auditevent-read-server.json	1496	3b14ad9c987d207f7ac0c37f4c13c251e115f762b12b725e5a27c2887cff6334	application/json	evaluation_workstreams_evidence_or_protocol
evaluation_workstreams/01_fhir_balp_validation/ig/input/examples/consent-grant.json	794	a68c0f4f23ad25543e0f5f1db2c0c75dbbdf297463c3e09ba11873e2c40dbeb8	application/json	evaluation_workstreams_evidence_or_protocol
evaluation_workstreams/01_fhir_balp_validation/ig/input/examples/consent-revocation.json	801	4cbe7c244baf08eed5d359fed6533e61f55818038ef944231cdab7d0caf16f87	application/json	evaluation_workstreams_evidence_or_protocol
evaluation_workstreams/01_fhir_balp_validation/ig/input/examples/observation-cgm-aggregate.json	480	ecc71adae56d9f0b67e3f073a03bd2e6a84efbae9e22f96d79cc924a6070fe41	application/json	evaluation_workstreams_evidence_or_protocol
evaluation_workstreams/01_fhir_balp_validation/ig/input/examples/patient-example.json	198	68a265609b96072fce868628f1113fd0617548442c0be3866ea8a342ce854f9b	application/json	evaluation_workstreams_evidence_or_protocol
evaluation_workstreams/01_fhir_balp_validation/ig/input/examples/provenance-transform.json	822	a791eb9eafc7d518f80528005448e69706924e903dd6f19fc6eb29da739f6926	application/json	evaluation_workstreams_evidence_or_protocol
evaluation_workstreams/01_fhir_balp_validation/ig/input/examples/trustevidence-receipt-a2.json	859	37e0e8d5556b2ef1efb9b99ad802cd869de822361b1249912740cd8ce6eec8a5	application/json	evaluation_workstreams_evidence_or_protocol
evaluation_workstreams/01_fhir_balp_validation/ig/input/examples/trustevidence-receipt-a3.json	858	624ae423dd683e67e64d91a0cb8b5ce25c452696ac16cae339bc798dba70b86d	application/json	evaluation_workstreams_evidence_or_protocol
evaluation_workstreams/01_fhir_balp_validation/ig/input/fsh/examples.fsh	828	9a55f70a77b0e4f1b8b3f14d6aad5a5378af60cc66ed470d4e83b109ee5b87ec	application/octet-stream	evaluation_workstreams_evidence_or_protocol
evaluation_workstreams/01_fhir_balp_validation/ig/input/fsh/extensions.fsh	1462	fa51292b5fcc71663d3f1e2c9e52d14dc237f10d627de278ea05660a8d156a0a	application/octet-stream	evaluation_workstreams_evidence_or_protocol
evaluation_workstreams/01_fhir_balp_validation/ig/input/fsh/profiles.fsh	1164	d029600a4c8c2e34b066478e7972109ecab967b58e33ce8cb72f837d53fb95ef	application/octet-stream	evaluation_workstreams_evidence_or_protocol
evaluation_workstreams/01_fhir_balp_validation/ig/input/fsh/receipt_profile.fsh	474	a6d3a710a92814d87011c13faec66aee7075d2f4dcd7d2dc1cd1008db216228b	application/octet-stream	evaluation_workstreams_evidence_or_protocol
evaluation_workstreams/01_fhir_balp_validation/ig/input/includes/menu.xml	199	f86b403e3a2d7627776158118e459f23e23cc8b0bc7d70ecdd58474c3f9398dc	application/xml	evaluation_workstreams_evidence_or_protocol
evaluation_workstreams/01_fhir_balp_validation/ig/input/pagecontent/index.md	286	b51f37f890ce8cc663d8eac810ffa11d2f618b4fc6a9ef545a143447380eda8a	text/markdown	evaluation_workstreams_evidence_or_protocol
evaluation_workstreams/01_fhir_balp_validation/ig/input/pagecontent/mapping.md	1432	6985ce515ebbf5595f35084957d561430aa6d8539bc8ab58133d9482b271a828	text/markdown	evaluation_workstreams_evidence_or_protocol
evaluation_workstreams/01_fhir_balp_validation/ig/sushi-config.yaml	537	ac47a4753d34e99aaa857abbddc17faedd5af332747f45fc01aeff43017aa6d7	application/yaml	evaluation_workstreams_evidence_or_protocol
evaluation_workstreams/01_fhir_balp_validation/scripts/download_fhir_tools.sh	1069	f107c42e0f755faf2182455c64bda1ac4228baaae2fa187a7be3959006b3120a	text/x-sh	evaluation_workstreams_evidence_or_protocol
evaluation_workstreams/01_fhir_balp_validation/scripts/install_sushi.sh	248	ba46523f20190c0e3df35d543fad84f6f778415282027d8c7fe9beb98eccb8f9	text/x-sh	evaluation_workstreams_evidence_or_protocol
evaluation_workstreams/01_fhir_balp_validation/scripts/local_json_integrity_lint.py	4366	48b32e3f550f1c4e04d577955446fa81164f319d9a035e7559aa0755a1ac9261	text/x-python	evaluation_workstreams_evidence_or_protocol
evaluation_workstreams/01_fhir_balp_validation/scripts/run_validation.sh	2144	bb039e6c9b38b3be76ab8ec44af666d892db626a377e647cc8a6447acd0e2cd2	text/x-sh	evaluation_workstreams_evidence_or_protocol
evaluation_workstreams/01_fhir_balp_validation/scripts/summarise_validation_logs.py	697	33e4ce7ef824dd19cd783d965dcaad13f6ce2c48e4ea7b2df83825666c518720	text/x-python	evaluation_workstreams_evidence_or_protocol
evaluation_workstreams/01_fhir_balp_validation/source_snapshots/BALP_SOURCE_NOTE.md	316	73c4520d2d479d33a32688b215ae0949198bc05ae32a4948cba4fa660f115aa0	text/markdown	evaluation_workstreams_evidence_or_protocol
evaluation_workstreams/01_fhir_balp_validation/source_snapshots/hl7.fhir.r4.core_4.0.1_package.json	578	dd37c747f0bc6d504612bf9bcb5ad98541f21e4fd13fbca3e98704e047b61389	application/json	evaluation_workstreams_evidence_or_protocol
evaluation_workstreams/01_fhir_balp_validation/source_snapshots/hl7.fhir.uv.extensions.r4_5.3.0-ballot-tc1_package.json	845	24946a2a89ab9a25889a56da88c820ec3e01f8d60c0974f9c94d322e0b07ca12	application/json	evaluation_workstreams_evidence_or_protocol
evaluation_workstreams/01_fhir_balp_validation/source_snapshots/hl7.terminology.r4_7.0.1_package.json	784	bb03adb3db4f83080c37effb124c46735a58373376c7fccd95a96cd9f88c5aa5	application/json	evaluation_workstreams_evidence_or_protocol
evaluation_workstreams/01_fhir_balp_validation/source_snapshots/ig_publisher_README.md	8917	6cbb5dde1c4bcf0e8abe06ec6b8b9aee62d740fa7ea0d9f6293918cb628b3cc3	text/markdown	evaluation_workstreams_evidence_or_protocol
evaluation_workstreams/01_fhir_balp_validation/source_snapshots/ihe.iti.balp_1.1.4_package.json	1550	2091bb9caf757df61b4cb4c4b56fbc4553e4e39974778656ee1ecabe2f5f0587	application/json	evaluation_workstreams_evidence_or_protocol
evaluation_workstreams/01_fhir_balp_validation/source_snapshots/sushi_README.md	11966	9e0831b2f5536bbad35c83e04f5b29ae57208b315f791e0bb204710246e48ee7	text/markdown	evaluation_workstreams_evidence_or_protocol
evaluation_workstreams/01_fhir_balp_validation/tools/README_TOOL_DOWNLOADS.md	602	e785ef22077a777c7ece921d2469d732bae06e3858d0ffee0f4784506c2ec100	text/markdown	evaluation_workstreams_evidence_or_protocol
evaluation_workstreams/01_fhir_balp_validation/validation_logs/fhir_validator.log	83	5ccad990531af8484fb30942b12e33b908bad6f3281de82536c1d7c679c18011	application/octet-stream	evaluation_workstreams_evidence_or_protocol
evaluation_workstreams/01_fhir_balp_validation/validation_logs/fhir_validator_exit_status.log	24	bc91bc555b8e97495b9c07da0def7c35da233e6378706b386fc52e91ea0b02af	application/octet-stream	evaluation_workstreams_evidence_or_protocol
evaluation_workstreams/01_fhir_balp_validation/validation_logs/ig_publisher.log	73	fff16f0dbb73f8eb24dbbda37ffed8b8ab1ef14326fe88e78eda43a84f338a22	application/octet-stream	evaluation_workstreams_evidence_or_protocol
evaluation_workstreams/01_fhir_balp_validation/validation_logs/ig_publisher_exit_status.log	22	f9a833c763f295cdb5438e310bf79bda3658e56e446dac9278bb097dc52aa2bc	application/octet-stream	evaluation_workstreams_evidence_or_protocol
evaluation_workstreams/01_fhir_balp_validation/validation_logs/local_json_integrity_lint.csv	1224	2c2df3f9ef0729ba1b71527f756f08fc7e6a27d7c2503a8d3d403633760b1894	text/csv	evaluation_workstreams_evidence_or_protocol
evaluation_workstreams/01_fhir_balp_validation/validation_logs/local_json_integrity_lint.log	55	2b8868f04041c35961b5fa8f855ee737681540a40fa640104814080d5a16978e	application/octet-stream	evaluation_workstreams_evidence_or_protocol
evaluation_workstreams/01_fhir_balp_validation/validation_logs/official_validation_status.log	72	ef28ce1dec07a1370f7911123b295ff93ae59499870821b88b98dd71e882fd9f	application/octet-stream	evaluation_workstreams_evidence_or_protocol
evaluation_workstreams/01_fhir_balp_validation/validation_logs/sushi.log	2603	ed29a2cede7aecaa0a7b43edfce5ff4a91b19990ccbf7da9b86291328c84a828	application/octet-stream	evaluation_workstreams_evidence_or_protocol
evaluation_workstreams/01_fhir_balp_validation/validation_logs/sushi_exit_status.log	13	dad3fe0143eba14c33d624e85e869f21a3a66e3c2992ad641e31f5b237ac1d31	application/octet-stream	evaluation_workstreams_evidence_or_protocol
evaluation_workstreams/01_fhir_balp_validation/validation_logs/sushi_version.log	243	d756e33de600ba76c5cba53896e8fd1c7ec15b0d360924941cf4f5970146d12f	application/octet-stream	evaluation_workstreams_evidence_or_protocol
evaluation_workstreams/01_fhir_balp_validation/validation_logs/tool_download_attempt.log	2051	ea026bce94112c309bf5082ada11990066a49be6ac8599e39e15584ec80d947e	application/octet-stream	evaluation_workstreams_evidence_or_protocol
evaluation_workstreams/01_fhir_balp_validation/validation_logs/tool_versions.log	170	834340e680d3edeed1e17c67942a94e134c6b9b8c6ef8902faf525e13f1323df	application/octet-stream	evaluation_workstreams_evidence_or_protocol
evaluation_workstreams/01_fhir_balp_validation/validation_logs/validation_summary.json	1816	4268eccfe60f8a45e3d8ecb839a8908788b50f001fac1b2118ca475377e066dd	application/json	evaluation_workstreams_evidence_or_protocol
evaluation_workstreams/02_real_backends/BACKEND_EXECUTION_REPORT.md	7067	fb0b8ecb9e1071e1541798634824f384b66c824de84103505e815e7dbd4ef37a	text/markdown	evaluation_workstreams_evidence_or_protocol
evaluation_workstreams/02_real_backends/HARDWARE_PROFILE.txt	2188	a31172c51c3d2e42a365c4e8baff536ba10dc80084d453a840d9670292707d05	text/plain	evaluation_workstreams_evidence_or_protocol
evaluation_workstreams/02_real_backends/LIMITATIONS.md	778	aff5286cbc1b416a8c235cd4abc58710dad0be28ca9699a48ba1a7d5a85c02f6	text/markdown	evaluation_workstreams_evidence_or_protocol
evaluation_workstreams/02_real_backends/QUICKSTART.md	848	7c33ef65fede91ba8b2fcf340a016cf29ad0ece40227ec3e0377fea16019a9c9	text/markdown	evaluation_workstreams_evidence_or_protocol
evaluation_workstreams/02_real_backends/README.md	1931	3918a6248a4c4f1b6e640a7b4d430795d30c3a4bf4e128c46cec9c07019fe9a1	text/markdown	evaluation_workstreams_evidence_or_protocol
evaluation_workstreams/02_real_backends/benchmark_outputs/backend_benchmark_summary.csv	2415	95c0d0455cec4c4a5aa9ba99cbfab1ade9f832189934b7fc111fe7256aefd620	text/csv	evaluation_workstreams_evidence_or_protocol
evaluation_workstreams/02_real_backends/benchmark_outputs/commands.log	3285	82497efda201a613f98ef32069fed78dc27d2a2c40cdb86e042071465c17b2e7	application/octet-stream	evaluation_workstreams_evidence_or_protocol
evaluation_workstreams/02_real_backends/benchmark_outputs/hardware_profile.txt	2188	a31172c51c3d2e42a365c4e8baff536ba10dc80084d453a840d9670292707d05	text/plain	evaluation_workstreams_evidence_or_protocol
evaluation_workstreams/02_real_backends/benchmark_outputs/probes/a3_probe.json	1017	4690d712d7df6da2cd08bedec192594154fc99f96483bb825962fa5fcced7761	application/json	evaluation_workstreams_evidence_or_protocol
evaluation_workstreams/02_real_backends/benchmark_outputs/probes/postgres_probe.json	683	eeed932c14ca416f79e19a12f2f7c6bbde4e9813a05af7d6d36655c1fb5833e9	application/json	evaluation_workstreams_evidence_or_protocol
evaluation_workstreams/02_real_backends/benchmark_outputs/raw_runs/A2_MERKLE_n10000_rep1.json	4271	c4857f42876923508b9741ba5f63ad2156924da1a5f71a28c776042d0a42752f	application/json	evaluation_workstreams_evidence_or_protocol
evaluation_workstreams/02_real_backends/benchmark_outputs/raw_runs/A2_MERKLE_n10000_rep10.json	4246	439d4f83ee5c2f76eceee822d2981305f1be0135051b550040da24c3c762a7f0	application/json	evaluation_workstreams_evidence_or_protocol
evaluation_workstreams/02_real_backends/benchmark_outputs/raw_runs/A2_MERKLE_n10000_rep2.json	4266	62e4cab3582466f3d7880098fc33023ea167f7ac76ce68349fc50328d0d22c01	application/json	evaluation_workstreams_evidence_or_protocol
evaluation_workstreams/02_real_backends/benchmark_outputs/raw_runs/A2_MERKLE_n10000_rep3.json	4270	9b6309b678dd7eb33ff48bfe29b116449bb86d5ae62bdbd14a95cda1abbfbd5b	application/json	evaluation_workstreams_evidence_or_protocol
evaluation_workstreams/02_real_backends/benchmark_outputs/raw_runs/A2_MERKLE_n10000_rep4.json	4275	6ee9ad8ccc76bde77e6e3ed19c7bee0d70a517f625a11a8fad7d973c65ed0657	application/json	evaluation_workstreams_evidence_or_protocol
evaluation_workstreams/02_real_backends/benchmark_outputs/raw_runs/A2_MERKLE_n10000_rep5.json	4262	0f35b00110811fbbbfaceb95a41705208d201ddbc44cb1aa4431651ec2f7439e	application/json	evaluation_workstreams_evidence_or_protocol
evaluation_workstreams/02_real_backends/benchmark_outputs/raw_runs/A2_MERKLE_n10000_rep6.json	4274	227b696e21dcc94b8842179bd483cf86e6482d2c5dbbc2feda46c86446ed29af	application/json	evaluation_workstreams_evidence_or_protocol
evaluation_workstreams/02_real_backends/benchmark_outputs/raw_runs/A2_MERKLE_n10000_rep7.json	4276	abdfb40fafc1ea04fab14f50625dab04d423e03bcc52f4d4e9f5795409571fad	application/json	evaluation_workstreams_evidence_or_protocol
evaluation_workstreams/02_real_backends/benchmark_outputs/raw_runs/A2_MERKLE_n10000_rep8.json	4252	6281e551b85df6782b6d8f2011ca4494792315cae7c4487289d8888063c2eaae	application/json	evaluation_workstreams_evidence_or_protocol
evaluation_workstreams/02_real_backends/benchmark_outputs/raw_runs/A2_MERKLE_n10000_rep9.json	4271	2ad5638a42ec8de3b4bcf124e22ebb88fcbb03a2d5b83147a5178f2aad83c50e	application/json	evaluation_workstreams_evidence_or_protocol
evaluation_workstreams/02_real_backends/benchmark_outputs/raw_runs/A2_MERKLE_n1000_rep1.json	4171	9f41d396b273aaf1090432ca24272b1cbb9c7735585a55bb27c55d75860cd3fd	application/json	evaluation_workstreams_evidence_or_protocol
evaluation_workstreams/02_real_backends/benchmark_outputs/raw_runs/A2_MERKLE_n1000_rep10.json	4179	9d4f236736e0d73cccb43e83aaa8c5b6388d2e692e5dd6e9b031c8987c3a062f	application/json	evaluation_workstreams_evidence_or_protocol
evaluation_workstreams/02_real_backends/benchmark_outputs/raw_runs/A2_MERKLE_n1000_rep2.json	4157	fb6e7e5195fabb9a39c2ae0bae152d76be8363fc6e6989cf9bf1544fa7198250	application/json	evaluation_workstreams_evidence_or_protocol
evaluation_workstreams/02_real_backends/benchmark_outputs/raw_runs/A2_MERKLE_n1000_rep3.json	4168	9b34fe1cb9ca626a1b7c0364d07ca9374dee5d7fad55730124b97d51378c3168	application/json	evaluation_workstreams_evidence_or_protocol
evaluation_workstreams/02_real_backends/benchmark_outputs/raw_runs/A2_MERKLE_n1000_rep4.json	4188	3412adb71b13db6f5c636abdd36f421e023bc264f446f3c491b2c3f4278c2148	application/json	evaluation_workstreams_evidence_or_protocol
evaluation_workstreams/02_real_backends/benchmark_outputs/raw_runs/A2_MERKLE_n1000_rep5.json	4189	11f7ff5fba43546a5b385b47c5424fb0fbcf122e0f7a7bc14f5bbbee355424f4	application/json	evaluation_workstreams_evidence_or_protocol
evaluation_workstreams/02_real_backends/benchmark_outputs/raw_runs/A2_MERKLE_n1000_rep6.json	4161	e6ef1682bab3445d3e3f6706e157484a0caa49f76b3b370766be0857d047b36d	application/json	evaluation_workstreams_evidence_or_protocol
evaluation_workstreams/02_real_backends/benchmark_outputs/raw_runs/A2_MERKLE_n1000_rep7.json	4164	8dbd47447e9156bafc4677055ff72fc5cf06e9e01e10236a4f8d331a7125c6b0	application/json	evaluation_workstreams_evidence_or_protocol
evaluation_workstreams/02_real_backends/benchmark_outputs/raw_runs/A2_MERKLE_n1000_rep8.json	4181	9a545afe09bcb1c9ca5eec98772b059f1c67bb48dda51d2695dd1b91e6b4abae	application/json	evaluation_workstreams_evidence_or_protocol
evaluation_workstreams/02_real_backends/benchmark_outputs/raw_runs/A2_MERKLE_n1000_rep9.json	4189	e0c7dbb874ba12b2f8167a68b09ca98890783ba91f0764fa9774983186adec69	application/json	evaluation_workstreams_evidence_or_protocol
evaluation_workstreams/02_real_backends/benchmark_outputs/raw_runs/raw_run_index.json	13269	cd8f05211bd29287285df785a746cd7d27fba035a59d3ff3cdf31dd06c0b90f7	application/json	evaluation_workstreams_evidence_or_protocol
evaluation_workstreams/02_real_backends/benchmark_outputs/repository_check_final.log	121	e548969f204c44f4ec2f3633c64e6b1dd87cd25905297d4e7cc49eedde30e041	application/octet-stream	evaluation_workstreams_evidence_or_protocol
evaluation_workstreams/02_real_backends/benchmark_outputs/sha256_verify_final.log	40	d316a0e72857796f32eb732392ce6cd58205f5db92ad7af8632046bfb891bc55	application/octet-stream	evaluation_workstreams_evidence_or_protocol
evaluation_workstreams/02_real_backends/benchmark_outputs/tamper_detection_results.csv	651	2ef6b5edb1d46aa17b0c5425aa52957fe894067ff1a82d28dfed7761bdfac7eb	text/csv	evaluation_workstreams_evidence_or_protocol
evaluation_workstreams/02_real_backends/docs/A1_POSTGRES_UNAVAILABLE.md	496	44b76773c20826d2df2367984673807784beeadefdf843f2b81f29283059f86b	text/markdown	evaluation_workstreams_evidence_or_protocol
evaluation_workstreams/02_real_backends/docs/A3_ATTEMPT_LOG.md	493	e3700f535ff9b1bc93fe094411a8c4e34129b8089295ace81f914b1d83520fe8	text/markdown	evaluation_workstreams_evidence_or_protocol
evaluation_workstreams/02_real_backends/docs/BACKEND_CLAIM_BOUNDARY.md	835	544deeb0a06c69adb52d5bee95b2d2389a61df95eeeb4695070b0809ac0dd917	text/markdown	evaluation_workstreams_evidence_or_protocol
evaluation_workstreams/02_real_backends/docs/BENCHMARK_METHOD.md	1069	23a6645c3b20ed2fb17178604d58a6daa810770c560fd84d8823f92a8735fb01	text/markdown	evaluation_workstreams_evidence_or_protocol
evaluation_workstreams/02_real_backends/experiments/run_backend_benchmark.py	9989	13a460e42c5ed23a0ba939e88df0a6048c79d5f55e2eec7ef6f4b64ff2f7f285	text/x-python	evaluation_workstreams_evidence_or_protocol
evaluation_workstreams/02_real_backends/experiments/tamper_tests.py	3020	174df60360178e51b4a5b79831c7ea610ae53b568befca4f8a9cc861ea7ed54d	text/x-python	evaluation_workstreams_evidence_or_protocol
evaluation_workstreams/02_real_backends/figures/backend_execution_pipeline.svg	2348	daf2de2eafd8d852b28c278fbdf6c8ea241e90e84db8c7460380cb4356461fd7	image/svg+xml	evaluation_workstreams_evidence_or_protocol
evaluation_workstreams/02_real_backends/merkle/merkle_log.py	6104	33482e3824b59027ddf6642df5d956b9de5e4184e5c11e4a15cb4e3bf98bc582	text/x-python	evaluation_workstreams_evidence_or_protocol
evaluation_workstreams/02_real_backends/postgres/postgres_schema.sql	699	e31b6254a8af8ab28d5bd7aaf948c380e7bdc6a6eb25a318d74715afb964b187	application/sql	evaluation_workstreams_evidence_or_protocol
evaluation_workstreams/02_real_backends/pyproject.toml	410	bf7d5534bc3a5491df7ad21edf32fe05ebfeaeecd78cdceea1f6f41a370e04d5	application/toml	evaluation_workstreams_evidence_or_protocol
evaluation_workstreams/02_real_backends/rekor/rekor_adapter.py	1179	b1c5894630822dd229ebcc11416d5195d47961f94c147cdb513ce9db15bb72ad	text/x-python	evaluation_workstreams_evidence_or_protocol
evaluation_workstreams/02_real_backends/scripts/probe_a3.py	2070	c859c24dde9c783af99a0d84ba5d6facb762dc12b494c02387bd9c4d725522e7	text/x-python	evaluation_workstreams_evidence_or_protocol
evaluation_workstreams/02_real_backends/scripts/probe_postgres.py	2281	0ba90d6314b125041e2c29d0fd9221d684b53fcc837000acdc136345cd3ac66d	text/x-python	evaluation_workstreams_evidence_or_protocol
evaluation_workstreams/02_real_backends/scripts/verify_sha256sums.py	1158	d1a33f5f5a61515760f2a2200403dba6d80360b4b27b1515f7ca2dab83b3ac1b	text/x-python	evaluation_workstreams_evidence_or_protocol
evaluation_workstreams/02_real_backends/src/te_backend_upgrade/__init__.py	52	908a7ad7cbe5d04db4a67b8afa5c0211fe560c4f0b7e81619e7a56333263eecc	text/x-python	evaluation_workstreams_evidence_or_protocol
evaluation_workstreams/02_real_backends/src/te_backend_upgrade/backends/postgres_schema.sql	699	e31b6254a8af8ab28d5bd7aaf948c380e7bdc6a6eb25a318d74715afb964b187	application/sql	evaluation_workstreams_evidence_or_protocol
evaluation_workstreams/02_real_backends/src/te_backend_upgrade/canonical.py	1828	0844030da898e6642e6ee09d137cb7d58d8e00e22255000c7cbf00c8209e5144	text/x-python	evaluation_workstreams_evidence_or_protocol
evaluation_workstreams/02_real_backends/src/te_backend_upgrade/merkle_log.py	6104	33482e3824b59027ddf6642df5d956b9de5e4184e5c11e4a15cb4e3bf98bc582	text/x-python	evaluation_workstreams_evidence_or_protocol
evaluation_workstreams/02_real_backends/src/te_backend_upgrade/postgres_backend.py	3452	04b83c074ae4baf3f3100113ae87c7e3cb5fc358f9f88b054c94b0b7eea47e29	text/x-python	evaluation_workstreams_evidence_or_protocol
evaluation_workstreams/02_real_backends/src/te_backend_upgrade/rekor_adapter.py	1179	b1c5894630822dd229ebcc11416d5195d47961f94c147cdb513ce9db15bb72ad	text/x-python	evaluation_workstreams_evidence_or_protocol
evaluation_workstreams/02_real_backends/tests/test_merkle_log.py	1949	166f56639c52f2d51c0e0d824b0e7a3fc2715472a605230018e5666556593657	text/x-python	evaluation_workstreams_evidence_or_protocol
evaluation_workstreams/03_workload_calibration/CALIBRATION_CLAIM_BOUNDARY.md	1667	d268c77f98164ebe84d38bee371f3d24b3e65a4c31eecf3aeb8ee405358576da	text/markdown	evaluation_workstreams_evidence_or_protocol
evaluation_workstreams/03_workload_calibration/CALIBRATION_REPORT.md	4456	a10e425a804e3c69cddf194de805fa27de509575aa88bd163f5eab3d0681c47c	text/markdown	evaluation_workstreams_evidence_or_protocol
evaluation_workstreams/03_workload_calibration/DATA_LICENCE_AND_ACCESS_REPORT.md	2032	003fbf11a6716a1344bb9a4301095bbd9c18ba4c7d3a8e2dc69f857d549ad27f	text/markdown	evaluation_workstreams_evidence_or_protocol
evaluation_workstreams/03_workload_calibration/OUTPUT_MANIFEST.md	821	2e4fbc4684444f8421d1fb3a97efc13bc743de84e5a67456ab6e757d76deccd0	text/markdown	evaluation_workstreams_evidence_or_protocol
evaluation_workstreams/03_workload_calibration/README.md	2609	19c12677a89b31dec02916462f89023d1f52532484e6e890a2b08960171e62db	text/markdown	evaluation_workstreams_evidence_or_protocol
evaluation_workstreams/03_workload_calibration/benchmark_outputs/calibrated_a2_summary.csv	2511	3d7190d132eafb2dc618b707f9c8d6e67b0f0684f5d7e331c0b7839d42107960	text/csv	evaluation_workstreams_evidence_or_protocol
evaluation_workstreams/03_workload_calibration/benchmark_outputs/raw_runs/calibrated_a2_raw_runs.csv	2511	3d7190d132eafb2dc618b707f9c8d6e67b0f0684f5d7e331c0b7839d42107960	text/csv	evaluation_workstreams_evidence_or_protocol
evaluation_workstreams/03_workload_calibration/benchmark_outputs/raw_runs/json/C1_ROUTINE_SYNTHETIC_AMBULATORY_a2_raw.json	17253	6571f17075e3d16e6f7d376d636ebe737de90b99f88f80d0021d7a569af80826	application/json	evaluation_workstreams_evidence_or_protocol
evaluation_workstreams/03_workload_calibration/benchmark_outputs/raw_runs/json/C2_WEARABLE_CGM_MONITORING_a2_raw.json	17237	fc44d52fd529d6627d8b43ed6ced560947b6472cccd2c0fd584ad38dc8d51fc1	application/json	evaluation_workstreams_evidence_or_protocol
evaluation_workstreams/03_workload_calibration/benchmark_outputs/raw_runs/json/C3_FHIR_HETEROGENEITY_DEMO_a2_raw.json	17128	d48d6c0959e32ce1b05b1ede839b874ff7582a89018ed828aa9b9b57594b6a7d	application/json	evaluation_workstreams_evidence_or_protocol
evaluation_workstreams/03_workload_calibration/benchmark_outputs/raw_runs/json/C4_CROSS_ORGANISATIONAL_DISPUTE_a2_raw.json	17278	695b3769305aacdba03012fbc77bdcac52c9a78ac66a3809206ccee4d21312f2	application/json	evaluation_workstreams_evidence_or_protocol
evaluation_workstreams/03_workload_calibration/calibrated_scenarios/PARAMETER_REGISTER_CALIBRATED.csv	5558	37d19c8e148d0361df1556acbe85d39342c0c30f2af51a67863ddf1bba5043d1	text/csv	evaluation_workstreams_evidence_or_protocol
evaluation_workstreams/03_workload_calibration/calibrated_scenarios/bigideas_stats.csv	1291	f520f59b9f026162fa91f1eace3fd4120cadad99e5d02f9b2a2f35488305e811	text/csv	evaluation_workstreams_evidence_or_protocol
evaluation_workstreams/03_workload_calibration/calibrated_scenarios/calibrated_scenarios.csv	1660	4bf340e9f3d95e89a857a4c5e796c52251ed54470c570dd1bae985b75ac96275	text/csv	evaluation_workstreams_evidence_or_protocol
evaluation_workstreams/03_workload_calibration/calibrated_scenarios/mimic_fhir_stats.csv	1114	aeb383da41d9944a367e3c529af1fd68ea3e9487f7a065d6dc298aca0a761e8f	text/csv	evaluation_workstreams_evidence_or_protocol
evaluation_workstreams/03_workload_calibration/calibrated_scenarios/synthea_stats.csv	635	a6fdcbe3e4b5933a1d8f84257806dec3b007b31fe1e83727a4199b79878eddee	text/csv	evaluation_workstreams_evidence_or_protocol
evaluation_workstreams/03_workload_calibration/docs/DATA_SOURCE_VERIFICATION.md	1084	5586ae8b340422e1383af9bcd31fdd7723f98b79fb9c25103f0fb5c4ec19874e	text/markdown	evaluation_workstreams_evidence_or_protocol
evaluation_workstreams/03_workload_calibration/logs/build_calibrated_scenarios.log	113	f96e0a757607d8a2949b59a828f3c5516e477e4a7438e7aa35e1a6a214228458	application/octet-stream	evaluation_workstreams_evidence_or_protocol
evaluation_workstreams/03_workload_calibration/logs/extract_bigideas_sample.log	46	3ab764244818f71863de05b91a5ce4e92247d6dcc85d5a656718fd24cb4ace50	application/octet-stream	evaluation_workstreams_evidence_or_protocol
evaluation_workstreams/03_workload_calibration/logs/extract_mimic_sample.log	48	97eafefc5060a6bce582d1f02f31cf7f815dd42b2d716a1ec3b0ca09dd347773	application/octet-stream	evaluation_workstreams_evidence_or_protocol
evaluation_workstreams/03_workload_calibration/logs/extract_synthea_sample.log	45	70ac80d60da64180eb7638677ff47abaecbc7a834b7063907b851bd7c1a19516	application/octet-stream	evaluation_workstreams_evidence_or_protocol
evaluation_workstreams/03_workload_calibration/logs/repository_check.log	23	45193fd572ed090b34beba1e9d705366379507e77ed24a72771aefe7ed1311d7	application/octet-stream	evaluation_workstreams_evidence_or_protocol
evaluation_workstreams/03_workload_calibration/logs/repository_check_final.log	23	45193fd572ed090b34beba1e9d705366379507e77ed24a72771aefe7ed1311d7	application/octet-stream	evaluation_workstreams_evidence_or_protocol
evaluation_workstreams/03_workload_calibration/logs/run_calibrated_a2.log	695	aedfc17ea6d8c39805e9a461d67f6e9c45f27fab10b7628dc0a4aa36dd7e91e4	application/octet-stream	evaluation_workstreams_evidence_or_protocol
evaluation_workstreams/03_workload_calibration/metadata/VERIFIED_PUBLIC_SOURCE_PARAMETERS.csv	4802	9c42251d5e82290c8ffe796f3d086507b02f1e96f6fecafd8b77bda045595c82	text/csv	evaluation_workstreams_evidence_or_protocol
evaluation_workstreams/03_workload_calibration/pyproject.toml	312	16e7ba9de39adb63aaa69ebc79b58f7a55b69748044a29e5db31619cc40d0720	application/toml	evaluation_workstreams_evidence_or_protocol
evaluation_workstreams/03_workload_calibration/sample_data/bigideas/001/Dexcom.csv	112	b583b484ad3a4ba4afd8f53b9bd0ab5f58cd96bf7f272803ebe86c34eeb1c3b8	text/csv	evaluation_workstreams_evidence_or_protocol
evaluation_workstreams/03_workload_calibration/sample_data/mimic_fhir/MimicObservationVitalSignsED.ndjson.gz	126	0379f9f6e58875ade801074470e1053f6db3a1d41f0826da9140641b71f76d80	application/octet-stream	evaluation_workstreams_evidence_or_protocol
evaluation_workstreams/03_workload_calibration/sample_data/mimic_fhir/MimicPatient.ndjson.gz	88	f000e3ac0ea805734f7745cdc8ab1bba32891123f7b6364b624b48ec71830664	application/octet-stream	evaluation_workstreams_evidence_or_protocol
evaluation_workstreams/03_workload_calibration/sample_data/synthea_fhir/sample_bundle.json	386	b953a9d36e72c08e487464fa55a5e58c4902e24429304ecc12d486dd62739d7e	application/json	evaluation_workstreams_evidence_or_protocol
evaluation_workstreams/03_workload_calibration/scripts/build_calibrated_scenarios.py	6771	f38679f8dd5ea964f0cf6a71c3aefe6f2dcf09590b7f3dd1de8b96b0d464cb49	text/x-python	evaluation_workstreams_evidence_or_protocol
evaluation_workstreams/03_workload_calibration/scripts/download_or_fetch_synthea.sh	181	7509936f540aafb52723168d7eda3429f8cadefd290dfa7c5b0d0dfecbd1e03a	text/x-sh	evaluation_workstreams_evidence_or_protocol
evaluation_workstreams/03_workload_calibration/scripts/download_physionet_manifests.sh	447	4a45e8bf2f91b42d17a1a5ce7c9bb3e0bc479c3b15255bfc4323fabea2f8cf20	text/x-sh	evaluation_workstreams_evidence_or_protocol
evaluation_workstreams/03_workload_calibration/scripts/extract_bigideas_stats.py	3299	445e63a9bc7c7abc38b783b1c86ecf7dd574a0fea2117c55adac727ec16ee3ce	text/x-python	evaluation_workstreams_evidence_or_protocol
evaluation_workstreams/03_workload_calibration/scripts/extract_mimic_fhir_stats.py	2417	ed9bffcf2681668fc1e0e79753d7381b4b2385d05b787ffd79cd78aad4255a96	text/x-python	evaluation_workstreams_evidence_or_protocol
evaluation_workstreams/03_workload_calibration/scripts/extract_synthea_stats.py	2259	995fd5da97262ae208a44f414de0684945f73bd93b805deef50e113c66af0ec2	text/x-python	evaluation_workstreams_evidence_or_protocol
evaluation_workstreams/03_workload_calibration/scripts/generate_synthea.sh	200	3e204161377c3e83582c902f97c2b825381b35966e2f436d4b1e88a51dd7e41d	text/x-sh	evaluation_workstreams_evidence_or_protocol
evaluation_workstreams/03_workload_calibration/scripts/run_calibrated_a2.py	7200	35b6db06d288bbbf9eb0e019d823a1f9ba2c0a2a8827ba476e9c0995cab2c8fb	text/x-python	evaluation_workstreams_evidence_or_protocol
evaluation_workstreams/03_workload_calibration/scripts/verify_sha256sums.py	900	325e9210f2b562d53846b2ad34368660804cc2acc3e8a3739bc0fb40205cb6df	text/x-python	evaluation_workstreams_evidence_or_protocol
evaluation_workstreams/03_workload_calibration/smoke_outputs/bigideas_stats_sample.csv	380	066377df82156fbc9909a3d9a2537e5fd8bd3cd05a664aa0b14420a95c8c59a8	text/csv	evaluation_workstreams_evidence_or_protocol
evaluation_workstreams/03_workload_calibration/smoke_outputs/mimic_fhir_stats_sample.csv	381	708b8725bbdba11e98093217bb8042bd4c5e104493567634f6c4ae9cdddd5ee7	text/csv	evaluation_workstreams_evidence_or_protocol
evaluation_workstreams/03_workload_calibration/smoke_outputs/synthea_stats_sample.csv	398	f559f1cea6e185b1a05a674b28e5548bbe7b66d8b786ccbb9fd6d47b9c10a01b	text/csv	evaluation_workstreams_evidence_or_protocol
evaluation_workstreams/03_workload_calibration/src/te_backend_upgrade/__init__.py	22	20c8e430ededc2143396e553a3c67aac4ec483ef54efdfcb18a31cb162ca0646	text/x-python	evaluation_workstreams_evidence_or_protocol
evaluation_workstreams/03_workload_calibration/src/te_backend_upgrade/backends/postgres_schema.sql	706	a62a36571b65c5869b73f0196c14057199b8f47e6b6a96ea9124869c18e0c804	application/sql	evaluation_workstreams_evidence_or_protocol
evaluation_workstreams/03_workload_calibration/src/te_backend_upgrade/canonical.py	2013	45b2eb79641e06bd90a670522b602d1628a21f367a478282af21501c3c63a3f8	text/x-python	evaluation_workstreams_evidence_or_protocol
evaluation_workstreams/03_workload_calibration/src/te_backend_upgrade/merkle_log.py	6180	d7ce9c4559a5891153304ba93466a52a7605d8bbfe8bab95bbde8896df32f2a9	text/x-python	evaluation_workstreams_evidence_or_protocol
evaluation_workstreams/03_workload_calibration/src/te_backend_upgrade/postgres_backend.py	2797	dfc6706184e9ed13adb57d3f67eb3e38a194ff2da077e6531b1a6ab5c52b523c	text/x-python	evaluation_workstreams_evidence_or_protocol
evaluation_workstreams/03_workload_calibration/src/te_backend_upgrade/rekor_adapter.py	1047	190346be9cd71c617e395c43ab1f834eb99b2834f6cc5ade438260cc9c3dd997	text/x-python	evaluation_workstreams_evidence_or_protocol
evaluation_workstreams/04_formal_property_validation/04_formalisation/FORMAL_PROPERTY_RESULTS.md	3057	e072682fa133db3957e094eb6a36ff8124f56e808aa713092045c875c123f3a5	text/markdown	evaluation_workstreams_evidence_or_protocol
evaluation_workstreams/04_formal_property_validation/04_formalisation/PROPERTY_TO_CLAIM_MATRIX.csv	2761	bdcfa5daab6d25013d626df49fa03fb81994e74ec0e2225e452da23ac24aa6ab	text/csv	evaluation_workstreams_evidence_or_protocol
evaluation_workstreams/04_formal_property_validation/04_formalisation/TOOL_AVAILABILITY_FORMAL.csv	249	fdf23f7b28385c06d6759f477730c6137ad5e6131b7f21b748fadcb2e12e85e4	text/csv	evaluation_workstreams_evidence_or_protocol
evaluation_workstreams/04_formal_property_validation/04_formalisation/alloy/TrustEvidenceLog.als	277	0a64d480bf343356f32a949c18c6afebe8a2527900ca6a98679bac1976348483	application/octet-stream	evaluation_workstreams_evidence_or_protocol
evaluation_workstreams/04_formal_property_validation/04_formalisation/alloy/alloy_results.md	107	69f9ff577dcad3f156b7e9fcb252082067ca45c0d2d1d40f637d749208a34759	text/markdown	evaluation_workstreams_evidence_or_protocol
evaluation_workstreams/04_formal_property_validation/04_formalisation/bounded_model/bounded_model_check.py	4166	4788d983103c339a20973a8f465653d4de63cc265cf136c894a02f9e8a44b596	text/x-python	evaluation_workstreams_evidence_or_protocol
evaluation_workstreams/04_formal_property_validation/04_formalisation/bounded_model/bounded_model_failures.csv	9	4de5acbf8ba6dd11ed15953734cea1c74ed8ade2d0c677e49f5a36e766244542	text/csv	evaluation_workstreams_evidence_or_protocol
evaluation_workstreams/04_formal_property_validation/04_formalisation/bounded_model/bounded_model_summary.csv	161	2f22da94500e652cbc6abcbcaa283a4dc5538ccbd7720404a913dddf48f6e3a1	text/csv	evaluation_workstreams_evidence_or_protocol
evaluation_workstreams/04_formal_property_validation/04_formalisation/bounded_model/bounded_model_summary.json	284	f2518c0ebbdd030cb922321308aa437f4390ba9370192e5def3d573e7a36b380	application/json	evaluation_workstreams_evidence_or_protocol
evaluation_workstreams/04_formal_property_validation/04_formalisation/hypothesis_tests/test_merkle_properties.py	7626	37dd1efcb4d9f37c1e8bd52af84c641db22b7e1108e6128105ebe70240c1ffa3	text/x-python	evaluation_workstreams_evidence_or_protocol
evaluation_workstreams/04_formal_property_validation/04_formalisation/logs/bounded_model.log	244	0f50800aaed1298f725e3304c0a84f1ea50ebb877c747e9612573cca1fe0ca3b	application/octet-stream	evaluation_workstreams_evidence_or_protocol
evaluation_workstreams/04_formal_property_validation/04_formalisation/logs/compileall.log	852	5709dbd58d0a230bb3b15ccae7c5745bf1cfce86f60b2fa1835815c2d15461fc	application/octet-stream	evaluation_workstreams_evidence_or_protocol
evaluation_workstreams/04_formal_property_validation/04_formalisation/logs/hypothesis.log	3432	72288372a087e780001ef5427e1e429294f94492172ca51017fe2f22f309f3d1	application/octet-stream	evaluation_workstreams_evidence_or_protocol
evaluation_workstreams/04_formal_property_validation/04_formalisation/logs/repository_check.log	75	921c3761b01c7e663e3295ed8b6a9d151da7e071f7f5c1359ce6a6f8a397f6d3	application/octet-stream	evaluation_workstreams_evidence_or_protocol
evaluation_workstreams/04_formal_property_validation/04_formalisation/logs/sha256_verify.log	85	818d451b7d2c20696cb0a71dc011b57fd12683fd382f946de4ebf3fb72000b60	application/octet-stream	evaluation_workstreams_evidence_or_protocol
evaluation_workstreams/04_formal_property_validation/04_formalisation/tla/TrustEvidenceLog.cfg	36	1a652c0278d6689cd57ce774090fd8044053821d1890df204ce31d10c76c79bf	application/octet-stream	evaluation_workstreams_evidence_or_protocol
evaluation_workstreams/04_formal_property_validation/04_formalisation/tla/TrustEvidenceLog.tla	336	e50a4be34d2c78f182b941985e9d699d14b6f5344350cf3324ff785061785a77	application/octet-stream	evaluation_workstreams_evidence_or_protocol
evaluation_workstreams/04_formal_property_validation/04_formalisation/tla/tlc.log	104	ec4e11dd9f8e5123aae1229075189e0bd51fc653116b1869ffc7a4d753437876	application/octet-stream	evaluation_workstreams_evidence_or_protocol
evaluation_workstreams/04_formal_property_validation/FORMAL_PROPERTY_CLAIM_BOUNDARY.md	1228	4047206d7ff47183060ea2ebb2edb1e5e63af120ce20cfee85dc685d0d6d72f8	text/markdown	evaluation_workstreams_evidence_or_protocol
evaluation_workstreams/04_formal_property_validation/FORMAL_PROPERTY_RESULTS.md	3057	e072682fa133db3957e094eb6a36ff8124f56e808aa713092045c875c123f3a5	text/markdown	evaluation_workstreams_evidence_or_protocol
evaluation_workstreams/04_formal_property_validation/LIMITATIONS.md	455	98e3272b1ffe85fac05ad639afc33bcb92e65d4e2018a75b18e68480ea659c60	text/markdown	evaluation_workstreams_evidence_or_protocol
evaluation_workstreams/04_formal_property_validation/PROPERTY_TO_CLAIM_MATRIX.csv	2761	bdcfa5daab6d25013d626df49fa03fb81994e74ec0e2225e452da23ac24aa6ab	text/csv	evaluation_workstreams_evidence_or_protocol
evaluation_workstreams/04_formal_property_validation/QUICKSTART.md	374	3b34b12834732758905841f5e147256f5be549cc04faa343961c4a0c40641892	text/markdown	evaluation_workstreams_evidence_or_protocol
evaluation_workstreams/04_formal_property_validation/README.md	536	599e29b869b52410671c56863efe28b50db05ddfbf30159695657efa820f0f39	text/markdown	evaluation_workstreams_evidence_or_protocol
evaluation_workstreams/04_formal_property_validation/REPRODUCIBILITY.md	230	364f5565fa6396f798a36318df155161745a842a3ffd776db5b5b4fa6472cba7	text/markdown	evaluation_workstreams_evidence_or_protocol
evaluation_workstreams/04_formal_property_validation/docs/FORMAL_PROPERTY_CLAIM_BOUNDARY.md	1228	4047206d7ff47183060ea2ebb2edb1e5e63af120ce20cfee85dc685d0d6d72f8	text/markdown	evaluation_workstreams_evidence_or_protocol
evaluation_workstreams/04_formal_property_validation/pyproject.toml	47	8a39608054c58873fe18c65606182e1cb841131c622f2653962184fb2868812d	application/toml	evaluation_workstreams_evidence_or_protocol
evaluation_workstreams/04_formal_property_validation/requirements-formal.txt	18	dbde1692a7e8f075729f007214772dbfcc96797cd1a4a61e414f80436de16e8d	text/plain	evaluation_workstreams_evidence_or_protocol
evaluation_workstreams/04_formal_property_validation/scripts/run_property_checks.py	747	4e47104f1013ac6a3e58f75772c73958a64346fd9959c696375a44bbf29c680a	text/x-python	evaluation_workstreams_evidence_or_protocol
evaluation_workstreams/04_formal_property_validation/scripts/verify_sha256sums.py	543	cbbad6305dfbb83a1aeb649187de9eada67e9c45553f995369592b961d682ce6	text/x-python	evaluation_workstreams_evidence_or_protocol
evaluation_workstreams/04_formal_property_validation/src/te_backend_upgrade/__init__.py	90	4365a1e3713e4838a8c1865ee2baa8abb6a8f3139b59ccf2830ded7d4e3aaf7e	text/x-python	evaluation_workstreams_evidence_or_protocol
evaluation_workstreams/04_formal_property_validation/src/te_backend_upgrade/backends/__init__.py	0	e3b0c44298fc1c149afbf4c8996fb92427ae41e4649b934ca495991b7852b855	text/x-python	evaluation_workstreams_evidence_or_protocol
evaluation_workstreams/04_formal_property_validation/src/te_backend_upgrade/backends/postgres_schema.sql	113	738822522db30844176ae62c8cbca3201434808554b43c162142dd1e68afda23	application/sql	evaluation_workstreams_evidence_or_protocol
evaluation_workstreams/04_formal_property_validation/src/te_backend_upgrade/canonical.py	1405	f4d30f2283feea552536b4d4097a3c172cd3fb9dabea551b79f015a583038513	text/x-python	evaluation_workstreams_evidence_or_protocol
evaluation_workstreams/04_formal_property_validation/src/te_backend_upgrade/merkle_log.py	8659	e2455cc96e2a584937c5c2a9610be6212a4c012fe9cb64e24584c3d38ddc0ec8	text/x-python	evaluation_workstreams_evidence_or_protocol
evaluation_workstreams/04_formal_property_validation/src/te_backend_upgrade/postgres_backend.py	126	fa121bfe74c628cf11446d2d2fa888813889b1d829a5dae2a96d8124a399e3f3	text/x-python	evaluation_workstreams_evidence_or_protocol
evaluation_workstreams/04_formal_property_validation/src/te_backend_upgrade/rekor_adapter.py	123	5572ecbf04006a6306d99252c00afedfee691525356cdb0259c7c21cd0028c76	text/x-python	evaluation_workstreams_evidence_or_protocol
experiments/analyse_results.py	3189	53518c9a8ad53c914d045e190f1c3508aa37e3b64075c7efdfbf66b1eacf0f6b	text/x-python	experiment_workflow
experiments/check_results_bundle.py	128	f5a0100ae43cfc2715dfc8df479a8f10206d75f0db850fe9816ad05f6ea28143	text/x-python	experiment_workflow
experiments/run_experiments.py	7575	9e3c4df730416732d0970218684bd35d54170e547b6f8e2bfc4b734a1c9e8a96	text/x-python	experiment_workflow
experiments/validate_protocol.py	1098	85ffe65c9db1d1eeba8942ad598d23aa1b39bee1bddb1e3711e65b2b91885454	text/x-python	experiment_workflow
experiments/validate_results.py	1114	677a5527dab20428b1cb174d912931c8dbf22967a6aaa64b6f44842a2e4c5583	text/x-python	experiment_workflow
experiments/workloads/W1.json	497	91e8b2e40ec82a1022da68c244c96c65050f407e8edfb485a3cd765e59020890	application/json	experiment_workflow
experiments/workloads/W2.json	497	acc9d107301c2b130908394d33cc0e7c4a12c30ee8458c10d0af6a072c0f7f24	application/json	experiment_workflow
experiments/workloads/W3.json	485	dc81b55f9f0fc38155e7a646c87eb901ffed4f0cf52190bfcd6961954f848744	application/json	experiment_workflow
experiments/workloads/W4.json	446	6cac493299911db643e777d808ad34c36233c5ddbaf09665c012b09f335d9789	application/json	experiment_workflow
experiments/workloads/W5.json	521	efdfbb05b97a8363d8fad59024e2bd33230326d1c2223afcf69339be2f3354e4	application/json	experiment_workflow
figure_sources/README.md	357	f0d631b5256fa26ad41f78bc14f241ed8da56e76ce09eb442458b31b7511de02	text/markdown	top_level_metadata
figure_sources/backend_benchmark_summary.csv	2410	2803dd350e5435a8032571e90121f55d0aeb503bc65e8a8bdbd066fa07456a39	text/csv	other_release_file
figure_sources/calibrated_a2_summary.csv	2506	c0cb4914af5ef048e23b4f2c78bcfdd7370027a92aac4ce730db9d2fb6ef7dfd	text/csv	other_release_file
figure_sources/calibrated_scenarios.csv	1625	af3eed32c5f0e2e97c0155154aff1335b0a2386f9f3ebd12a0c3a951900466e6	text/csv	other_release_file
figure_sources/figure1_edges.csv	141	c81bac73de262900858f7fe438212df07a0a6f658f7b93e1c4646c91a7a6a5fb	text/csv	other_release_file
figure_sources/figure1_nodes.csv	848	1ca2c7e2b0c3cf6918710a08ba34c7bf49b51ba1e0e4320512a4fc2c3327c7db	text/csv	other_release_file
figure_sources/figure2_edges.csv	215	87e387bb6cc1b222f036a2168c290e39ae1b35f12fc7fe8c0b47a8aa709f12b7	text/csv	other_release_file
figure_sources/figure2_nodes.csv	806	3d78a7895486aa5ef70fba198a4d89df392f4cea5904085c131597b61563e341	text/csv	other_release_file
figure_sources/figure3_edges.csv	137	90a2c4d6428c1d8ada3ca742b92373baed1df3edc8477968d8b575fa3ae114ef	text/csv	other_release_file
figure_sources/figure3_nodes.csv	733	a1dee77516a96062ff8c4669e90a764faaf2d782c4854568e54f55dbc44cf82e	text/csv	other_release_file
figure_sources/figure5_backend_tiles.csv	495	9fb0ebf61588bd12d0979905f0e6a71b53d3f1b2c194219a39ed5fcde14769cb	text/csv	other_release_file
figure_sources/figure_metadata.csv	948	1003f79645147aa7448acb5dcc2069308f00fbcd7de89a2981797498d8950aef	text/csv	other_release_file
figure_sources/property_to_claim_matrix.csv	2751	1c43523095dfc77aac10fbf3a51df9e82df3c32eb972aa51f6a1aee9dd5a1772	text/csv	other_release_file
figure_sources/tamper_detection_results.csv	643	0cf9ec65144a890443c0c3dcde5ca82ecb8bfb6c97c65355a49d2589fa10ae79	text/csv	other_release_file
figure_sources/validation_matrix.csv	6805	94497a07d5238f4b62dc4b8edadcf1c0e85c11c1746ac1d0ffb52cb5ce9a576c	text/csv	other_release_file
figures/outputs/FIGURE_LAYOUT_QA.csv	1569	a02b2cce0426e4bbd66ac2ab6f5aae8e8a3a2e742cd95c4f7fba657f1b13b2b3	text/csv	research_output
figures/outputs/figure1_boundary_architecture.pdf	20198	f2c667fc53b4ad457c9f2a1d91ad952ce9a2880afe5268fb2c9930cae8c8a81e	application/pdf	research_output
figures/outputs/figure1_boundary_architecture.png	231774	875cc7ae2db0cc4325bbedae74ddff8f18fddbdc9c15956be5c2f94ad4abdc4a	image/png	research_output
figures/outputs/figure1_boundary_architecture.svg	66546	8d1b7231aac5db672c48203197839cfcf38a20098ba8d4ff915b983fcc63a9a2	image/svg+xml	research_output
figures/outputs/figure2_evidence_demotion_pipeline.pdf	21711	accdc6555ba1cb9e13b7b5b592bb9a054d6cc20e972b538398f211b3426a063a	application/pdf	research_output
figures/outputs/figure2_evidence_demotion_pipeline.png	208323	1189f22499b70ce17b41735dd92ea0312daddf121332a0845f113e2645107f53	image/png	research_output
figures/outputs/figure2_evidence_demotion_pipeline.svg	72540	f07fc99a63a820184865b8fab27100fede32dda017fbfbb543ae9a7feb97e47a	image/svg+xml	research_output
figures/outputs/figure3_a2_merkle_flow.pdf	24135	4db8d2415f7ec518e9dcd42f92750ec7836606d4ffb564c112f48ce9794fe4e0	application/pdf	research_output
figures/outputs/figure3_a2_merkle_flow.png	237817	7f37767e9a725dfa2710ee751c6f1cfe51cb5b56c57856a25bb8963e6deed97d	image/png	research_output
figures/outputs/figure3_a2_merkle_flow.svg	75990	33cf7b0d8753ca655b6b0a01d9bdd680d8c21f2c19751fdea14d245e6e46c62b	image/svg+xml	research_output
figures/outputs/figure4_workload_descriptors.pdf	23461	2d9a7a7f98096d679804efbc770c99491f36dca02c82cd7af60a30fed66a531c	application/pdf	research_output
figures/outputs/figure4_workload_descriptors.png	351261	6d2ebd06e97724f6c97d0ac7a6ed07fd14dd9018d933d4ec3169b3f32dccadf2	image/png	research_output
figures/outputs/figure4_workload_descriptors.svg	101301	fea1a9ecfb21cb68f298506af3cff7ad9c33b3d32658da624a1619c1c7f56371	image/svg+xml	research_output
figures/outputs/figure5_backend_decision_map.pdf	14529	ec11c000d05081209a576e7294953d7435bdc6f5fa51643bdad66600e2d20a48	application/pdf	research_output
figures/outputs/figure5_backend_decision_map.png	298785	a935c06fd2754f183a044cc1db4bfd2647b3d9e601d2cc6c9eaf895cf3487df8	image/png	research_output
figures/outputs/figure5_backend_decision_map.svg	76471	62301f9922c8fee65109e8feb308cb39ad7382c95b4091caf2de031b4fde4583	image/svg+xml	research_output
figures/scripts/generate_jcis_figures.py	18721	72c71ffba37a76ca4e6c520ba8dcdd7801f55e89ac8ef12f134aa49939b559c2	text/x-python	research_output
ig/DECISION_R4_VS_R5.md	600	75466d34a9755a0aa79e62276e396bc92c90341a1f6f05d4dd121027463be75c	text/markdown	other_release_file
ig/VALIDATION_INSTRUCTIONS.md	238	73ac22872aa5f39b09d225f6f2037fb16e9ff520e039573e8d1308fb9c3f98e6	text/markdown	other_release_file
ig/ig.ini	110	c4a6f81707f9092a2a18a928519687543950710ced43743a11d8780a6c804fa7	application/octet-stream	other_release_file
ig/input/fsh/aliases.fsh	939	9dbb1b3b70952cabf1ebebf400d865d5514e84785e4c81687b0d3641d97cfde7	application/octet-stream	other_release_file
ig/input/fsh/capabilitystatements.fsh	3949	bbc888d4581379141174d02f337e16fd31324745d0c2b9f01965c338a87c2d12	application/octet-stream	other_release_file
ig/input/fsh/examples.fsh	18575	13c53421dffa09444e850abcfb478646ecf9996f6261dcb115b6cd097b6fd9df	application/octet-stream	other_release_file
ig/input/fsh/extensions.fsh	2206	5178a104d928ee28f6985074bf4c5e924e1a9b9fa57d929ad7ce748b53ea2440	application/octet-stream	other_release_file
ig/input/fsh/profiles.fsh	1841	e0dd2885520a4c06ca1a16ccf3636b9bc0c18fa2844738d6b25a62e0ae9bd2a4	application/octet-stream	other_release_file
ig/input/fsh/terminology.fsh	2931	8b2a973e80b58d727d02cce1e9534d53f041b6145b4c92799b0ccbbd748ee0ce	application/octet-stream	other_release_file
ig/input/pagecontent/actors.md	296	31a871dde3ef551b543dc326fa1b9db333482e287022b4b4a8c0e43911167415	text/markdown	other_release_file
ig/input/pagecontent/background.md	245	7e95c4391d00ae98c703bc73089cac72437ed39c8d61c5c1429bcc8d3486a982	text/markdown	other_release_file
ig/input/pagecontent/balp-atna-mapping.md	289	8caf4e7dfb947ed6dc4db6e7156c196d6b274d9b2a5b4277c0c77b5bc04be3a0	text/markdown	other_release_file
ig/input/pagecontent/capabilitystatements.md	171	26162601b08bdbbe30f28eb8e633a555d32064b89f78939d7cf8d529d206fdb1	text/markdown	other_release_file
ig/input/pagecontent/conformance.md	326	02e9864e78a1a5711b64ae8d92358da4dad70a08e7fe86c91b35677e7c22a4b6	text/markdown	other_release_file
ig/input/pagecontent/index.md	264	b6751e403cae69272fd7f29d8a36fba61e7904835fa4cfa843d9b8a742f3eb23	text/markdown	other_release_file
ig/input/pagecontent/privacy.md	241	ad81c24d2ef18ce407c2469a3b027dc7948a20df53cb750da92b9ff95bf97196	text/markdown	other_release_file
ig/input/pagecontent/security.md	334	6f01e2e9e10d57f0aa1b61634eee58e162fffdefcf7f8f81884d41b7f1c754ae	text/markdown	other_release_file
ig/input/pagecontent/validation.md	225	d0977bc86a31125f3c70f5833de0538faaece29744377bc6db626c61127380cd	text/markdown	other_release_file
ig/sushi-config.yaml	893	4551c2abb4b6ad1cbf7e90ceeca03c2a32dc239566b80cdb796ca7b9dd0bbc8f	application/yaml	other_release_file
legacy/TEA-Sim-v1.5.1/.gitignore	77	4228f2ad11a7d12b8ec3c046665d6874a871b4d61a188132c211f425b9fb737d	application/octet-stream	other_release_file
legacy/TEA-Sim-v1.5.1/.zenodo.json	1208	46af844243265ae01dd897c7a02a28f216ff80e2b68f81b0d72c970b89f5b0cc	application/json	top_level_metadata
legacy/TEA-Sim-v1.5.1/CITATION.cff	785	7817c045fc94c120ba7930e7b40d95529c7f0afd5d287bb55cda4e0a8b1cc160	application/octet-stream	top_level_metadata
legacy/TEA-Sim-v1.5.1/CONTRIBUTING.md	396	6a2265a0403d9addca21fd090df8b05f82e2a0e984719ad9b724db2cd7c0ca09	text/markdown	other_release_file
legacy/TEA-Sim-v1.5.1/LICENSE	359	2c7143b142045b75dfae040bc02d4cff933d36ab88443f0c5b0051da8e11d454	application/octet-stream	top_level_metadata
legacy/TEA-Sim-v1.5.1/OUTPUT_MANIFEST.md	2079	96e3689c82a135e3fa62f02d829859014e914e08373517cedd35f27295466fec	text/markdown	other_release_file
legacy/TEA-Sim-v1.5.1/README.md	2317	5920f351476bd3e40805d6374180f29676416797af9a372321b5074f11ddff48	text/markdown	top_level_metadata
legacy/TEA-Sim-v1.5.1/RELEASE_NOTES.md	807	7870ac2492655984bdf8eb278e5b30ece14d23a9a83995bf13b749fa887a7745	text/markdown	other_release_file
legacy/TEA-Sim-v1.5.1/data/figure_specs/figure_1_edges.csv	451	51847e4c0ac94f3af483e75ab1cb2316e94775c9a2c00c04bf10974cd71de257	text/csv	other_release_file
legacy/TEA-Sim-v1.5.1/data/figure_specs/figure_1_groups.csv	204	e19c1659d0e66ab3bb61d550eedaf6e5e1112f7d2dc6b471ef5a51b44c5ec256	text/csv	other_release_file
legacy/TEA-Sim-v1.5.1/data/figure_specs/figure_1_legend.csv	165	aed822d2ca2fa2c2521f1b26b7ac8b70010f550c7086522d659feb31422cf460	text/csv	other_release_file
legacy/TEA-Sim-v1.5.1/data/figure_specs/figure_1_nodes.csv	616	d50edc9c5fa6a7ec40fd9fcf0d063575c173364c43672212070688d958b278c4	text/csv	other_release_file
legacy/TEA-Sim-v1.5.1/data/parameter_rationale_extended.csv	5663	0e023340b1ab66239c619aff6d54f6fe92fc59dadf08bc39d8c92991c5fe71c2	text/csv	other_release_file
legacy/TEA-Sim-v1.5.1/data/parameter_register.csv	3298	6aa0b2fb9dd3bc761102d989fe289363ae9501bdc94b0212c1441ec537c48067	text/csv	other_release_file
legacy/TEA-Sim-v1.5.1/data/scenario_matrix.csv	759	26a46449ae018cef875cc5eb2e4a38cc18d49ddede95dbb51569ccf9c97de2a9	text/csv	other_release_file
legacy/TEA-Sim-v1.5.1/docs/FIGURE_PROVENANCE.md	692	66def65e13a7083088779c40bef3c659e4f883b91f2c62b634a5ab2fd7485bb0	text/markdown	other_release_file
legacy/TEA-Sim-v1.5.1/docs/STRESS_reporting_checklist.md	719	cfe93c2a5490f7b4a918561604d8a4053660f42194dbd24b9dfd0a5daddc8814	text/markdown	other_release_file
legacy/TEA-Sim-v1.5.1/docs/model_logic.md	673	243b3fcdd10dcdfda158eea915cdabbfee764d3e50519cf0621f9f713f84ce39	text/markdown	other_release_file
legacy/TEA-Sim-v1.5.1/docs/parameter_rationale.md	850	11c3af9d10ddb5f01e8191223db5e1ba363b74d8e29d19a47c04e49e4cd9e7f6	text/markdown	other_release_file
legacy/TEA-Sim-v1.5.1/outputs/figures/figure_lji.pdf	12107	e35def76fc0c039927814142d60e40814399e3b0fc121c43df22f1533b4ee5fd	application/pdf	other_release_file
legacy/TEA-Sim-v1.5.1/outputs/figures/figure_lji.png	41590	d531adeb873e036c4353dfd55247cc35b35f289958970f71fdd6b3c0ac364ccc	image/png	other_release_file
legacy/TEA-Sim-v1.5.1/outputs/figures/figure_lji.svg	24361	4ab8fe28a3f1bbbcf5fe33a563f6dba8b7e3eda1bbb44483296c5fcc32a56a24	image/svg+xml	other_release_file
legacy/TEA-Sim-v1.5.1/outputs/figures/figure_lji.tiff	414840	9a4ff569d970e86544bcfe16fbb678133ae1b5e433e2113c1012d2ed3f0ec1e3	image/tiff	other_release_file
legacy/TEA-Sim-v1.5.1/outputs/figures/figure_privacy_score.pdf	15360	6e8429778e66f938986f182cc77bcef09d575fa0b66b4dc72d8bd4410aef122d	application/pdf	other_release_file
legacy/TEA-Sim-v1.5.1/outputs/figures/figure_privacy_score.png	58911	dd4c2f59de715d3b4820f336b8d13320adab96af0302a248526b4961c719864f	image/png	other_release_file
legacy/TEA-Sim-v1.5.1/outputs/figures/figure_privacy_score.svg	35502	77154591cac2accad79a9063fb1a8f9e063e06c52883c09a5f192220c85fc716	image/svg+xml	other_release_file
legacy/TEA-Sim-v1.5.1/outputs/figures/figure_privacy_score.tiff	481710	94d92e7bdbe9cc0b89bc1b55c4decdd78d5ad346c61e9ad763531a397a4e99b6	image/tiff	other_release_file
legacy/TEA-Sim-v1.5.1/outputs/figures/figure_storage_mb.pdf	14648	682350bd0bd06bba825fe09db6176fa0b3eda52007991611b4a71e9d0f61e5aa	application/pdf	other_release_file
legacy/TEA-Sim-v1.5.1/outputs/figures/figure_storage_mb.png	57522	59b49defcf4aa2df4902cd60dea81427d1705994cb48d4c69c00c964b951f42d	image/png	other_release_file
legacy/TEA-Sim-v1.5.1/outputs/figures/figure_storage_mb.svg	33025	1e3d90dcc94867af86049315ac7e64380292dd28328b7f0c7011d1a996ccbfe1	image/svg+xml	other_release_file
legacy/TEA-Sim-v1.5.1/outputs/figures/figure_storage_mb.tiff	418850	9eaa22d2fcb9e1f6d0d1ca1d367066634044685d1c0a8243a34ade3ad01f89fc	image/tiff	other_release_file
legacy/TEA-Sim-v1.5.1/outputs/figures/figure_teasim_architecture.pdf	17669	e79eb24f19a0dd3f6a097c1edea3a6d926dfabdd60ee999dbbb023630b78c72c	application/pdf	other_release_file
legacy/TEA-Sim-v1.5.1/outputs/figures/figure_teasim_architecture.png	170356	d06b7a3ff934e681946bb795da13c92620b131426db4c8370272d0719b7a58f0	image/png	other_release_file
legacy/TEA-Sim-v1.5.1/outputs/figures/figure_teasim_architecture.svg	61436	b0dae0e1ef09bddbffd9adfeac63fbfdd81d4aae649006ea749c7efc54869b8c	image/svg+xml	other_release_file
legacy/TEA-Sim-v1.5.1/outputs/figures/figure_teasim_architecture.tiff	378606	e584ddd539c77505bda82d6628c9fee6d3d8900c00fd9a973a5e4476e98f151f	image/tiff	other_release_file
legacy/TEA-Sim-v1.5.1/outputs/figures/figure_verification_units.pdf	14077	c5c9bda9c5ec08545f3d82f301c008e6238e9bcfb0e17789527628ee2ba7cffb	application/pdf	other_release_file
legacy/TEA-Sim-v1.5.1/outputs/figures/figure_verification_units.png	61305	37f38c4d6119a405a7bb4a07fedfc33d134cac5df724f90350f32168719ca741	image/png	other_release_file
legacy/TEA-Sim-v1.5.1/outputs/figures/figure_verification_units.svg	37665	dfc741829127fc57af87eebec6992d8d069edc613a0e1a1186b7090f36dab073	image/svg+xml	other_release_file
legacy/TEA-Sim-v1.5.1/outputs/figures/figure_verification_units.tiff	515116	ab0d2faa2b5411f966d977807a4a59b1f489b2a12245a1abe5fa4c99fa42ded7	image/tiff	other_release_file
legacy/TEA-Sim-v1.5.1/outputs/figures/figure_write_cost_units.pdf	14730	2f1bb9bcdadfe1e912de461432c72e1c4353644283f5319feb2d600a16f7d139	application/pdf	other_release_file
legacy/TEA-Sim-v1.5.1/outputs/figures/figure_write_cost_units.png	61797	d10ede76a5144f604eba3693168691caf293b50a317e65d5fb42cd24a51ee5e8	image/png	other_release_file
legacy/TEA-Sim-v1.5.1/outputs/figures/figure_write_cost_units.svg	39211	28ea5376f546e0a8801f8cd67664d0dad5f610dbe7f914ea08e6339d73518340	image/svg+xml	other_release_file
legacy/TEA-Sim-v1.5.1/outputs/figures/figure_write_cost_units.tiff	523556	fdf0d4e6ccdbede67e7e1ea09f6eb36f5fda62652aa2ff744688491d8282c162	image/tiff	other_release_file
legacy/TEA-Sim-v1.5.1/outputs/figures/graphical_abstract.pdf	12706	b48c7ff1d3f1eae03a3ffe342acc1a01012ee34d5b348b0c9de8ec55ee3119ff	application/pdf	other_release_file
legacy/TEA-Sim-v1.5.1/outputs/figures/graphical_abstract.png	97465	7fddec72c300a773aa15452cd21e6cc6cbe8586a1f9f68b5265320541c776308	image/png	other_release_file
legacy/TEA-Sim-v1.5.1/outputs/figures/graphical_abstract.svg	37481	6b3d7eefeeb687906047f2925fe169f6e8f149834cca6785e885f4e2087c55c7	image/svg+xml	other_release_file
legacy/TEA-Sim-v1.5.1/outputs/figures/graphical_abstract.tiff	170732	053c570286e6dd6700e67cb998b56d6a0930bf281e96aa070405d719cc6f246b	image/tiff	other_release_file
legacy/TEA-Sim-v1.5.1/outputs/tables/replication_level_event_counts.csv	375681	07b8a7437001f04ff8ea134181580684d10780c58f14f28d4cfa836724eae348	text/csv	other_release_file
legacy/TEA-Sim-v1.5.1/outputs/tables/table_lji.csv	741	fa9209973fb8ea4c343c63e02b8e1e84f9340d5183451530455538c9b9a607ea	text/csv	other_release_file
legacy/TEA-Sim-v1.5.1/outputs/tables/table_main_results.csv	1764	13e3647a1ca570cef959e7b0d1062a0a643b5d3a657e062ade17c77da13e286a	text/csv	other_release_file
legacy/TEA-Sim-v1.5.1/outputs/tables/table_parameter_register.csv	3297	d54b80d03be5481fc57f0d38251fd08244ffa749864f237676a4413aae42ca95	text/csv	other_release_file
legacy/TEA-Sim-v1.5.1/outputs/tables/table_scenario_matrix.csv	752	fd827bddd5cb84e039f0c93f944690db639e51a1901a08e6124d1294c1f92300	text/csv	other_release_file
legacy/TEA-Sim-v1.5.1/outputs/tables/table_sensitivity_summary.csv	818	13fd392840b6c7df7b04b4a732c109c9ba52c93935be8687aefdd8522a133e3d	text/csv	other_release_file
legacy/TEA-Sim-v1.5.1/outputs/tables/table_threat_scenarios.csv	1172	e871f2e8f080d7e2355a3f20224a81da2a609d7b4cafefeec57eca9876025842	text/csv	other_release_file
legacy/TEA-Sim-v1.5.1/protocol/TEA-Sim_reproducibility_protocol.md	1133	2c2e9b5e39f035f1f14854e93083e663f483f2be39b2d11de7a1974329fe1520	text/markdown	other_release_file
legacy/TEA-Sim-v1.5.1/references/TEASIM_references.bib	3817	b55109559119113679543edf34b117c4fb7ba27bd2db54f5929387298e7f5214	text/x-bibtex	other_release_file
legacy/TEA-Sim-v1.5.1/run_all.sh	167	e8231f3cab3fe15ca4ac18bc47c17773000dba92ab2e2135edf68583ad7211c2	text/x-sh	other_release_file
legacy/TEA-Sim-v1.5.1/src/environment.yml	110	2a38dd0f38607aa52b8351bfee26535673b56d0fce5c32a937149784fbbc80b6	application/yaml	other_release_file
legacy/TEA-Sim-v1.5.1/src/figure_style.py	13480	f2c7e49ddcbf89d517552956231168321e29e20cbf87cdbdd25275c9b3a6f2e4	text/x-python	other_release_file
legacy/TEA-Sim-v1.5.1/src/make_checksums.py	680	52f7a76cc955de44c3983f04cf2f1e564ea22c1e7b4b5cc68b693f08063b4c0d	text/x-python	other_release_file
legacy/TEA-Sim-v1.5.1/src/requirements.txt	46	7f5908cf18dbcebf6c18bb892e7e3a3d2db790511539d6e684b00120025f60a6	text/plain	other_release_file
legacy/TEA-Sim-v1.5.1/src/teasim_reproduce.py	16479	eb01276d1b054716e4c0ba87fb9ea57d3b5be7d7a8cb87d404679784dc0fb3fa	text/x-python	other_release_file
legal/LEGAL_TRACEABILITY.md	13562	2a8915670762158e460d4250ec655268bcecf6395580ecf80708da7c5e91f4bf	text/markdown	other_release_file
proofs/LJI2_WUST_GERVAIS_REFINEMENT.md	3360	660fa07c3089f4ffe98589fc72ccc92201ec5b1b23b1642039109a936a482df1	text/markdown	other_release_file
proofs/formal_core_v1.md	24297	5c2150669189020d54a42550d4dd507c7c1499eb8b6ee28d7710ef00cea5aeee	text/markdown	other_release_file
protocols/05_expert_validation_protocol/EXPERT_VALIDATION_PROTOCOL_ONLY.md	3583	f78ec1e4632c79322047d1ad38042ad7fbe40377ac82118cfb531ee17c2e649a	text/markdown	protocol_material
protocols/05_expert_validation_protocol/LJI_STATUS_DECISION.md	1019	969fb3e88ea19311e7eeedd4917d1ed7c7319401b0a11933e61a341d316449e9	text/markdown	protocol_material
protocols/05_expert_validation_protocol/README.md	1872	4f0905c110eeb5a8506480d20b570f0f99f127559560e6e721bee8b360337c4a	text/markdown	protocol_material
protocols/05_expert_validation_protocol/REPRODUCIBILITY_SMOKE_LOG.txt	272	b22d2eb450b0b2302162c7710ad4caa4c298a5a1c00acb316f24bd3e82fad4b6	text/plain	protocol_material
protocols/05_expert_validation_protocol/examples/TOY_DATA_NOTICE.md	263	b59eee09e99cec64be04c535260d1e7dbd1b7cc67cc212a942439a0b26918453	text/markdown	protocol_material
protocols/05_expert_validation_protocol/examples/toy_non_evidence_consensus.csv	889	f8788dd64987bc30bac5fb941ee36c5031766244a5f01c800b2c22300d667346	text/csv	protocol_material
protocols/05_expert_validation_protocol/examples/toy_non_evidence_round1.csv	2651	5af2e3c59f5d22c3285a27a3b5c0250966d17b5a25a3391b957abb94dacef16d	text/csv	protocol_material
protocols/05_expert_validation_protocol/examples/toy_non_evidence_round2.csv	2651	af3d8047d185cad904b1f4f274e8948823fc008bd795980079ca9881d0a0d285	text/csv	protocol_material
protocols/05_expert_validation_protocol/instruments/PARTICIPANT_INFORMATION_AND_CONSENT.md	932	84dfda4551af5bc0209364c44824e42e518e22b549e36ef4a5f1a241296b4e4f	text/markdown	protocol_material
protocols/05_expert_validation_protocol/instruments/ROUND1_QUESTIONNAIRE.csv	6733	e3132c488366d5e5d3990d7391577d06ddca346c2abd36702de79db3d5257e49	text/csv	protocol_material
protocols/05_expert_validation_protocol/instruments/ROUND2_QUESTIONNAIRE.csv	8533	ac583c2f57a7d278245a228f433e55c67e6d9bcc46b9955f4b21a01721897371	text/csv	protocol_material
protocols/05_expert_validation_protocol/instruments/ROUND_ITEM_REGISTER.csv	1565	ed9390123345eba86564a7ce8b6476ea01d5da4307f38533dea95d2bbb858c9b	text/csv	protocol_material
protocols/05_expert_validation_protocol/protocol/ANALYSIS_PLAN.md	1070	c2d01a89c333779f5e55e9af89ac81ec37b10ea94a7af4f7412a0bd03f1c1278	text/markdown	protocol_material
protocols/05_expert_validation_protocol/protocol/DATA_MANAGEMENT_PLAN.md	717	e71f44da58936244c6db805b837be526665798451c0107f3f3023be75159b2c1	text/markdown	protocol_material
protocols/05_expert_validation_protocol/protocol/ETHICS_DETERMINATION_REQUEST_TEMPLATE.md	1234	c9925a7113c9067fb60b3ebd7ea5f2eab965b343bba895e05e3f33afb78bcaa6	text/markdown	protocol_material
protocols/05_expert_validation_protocol/protocol/EXPERT_PANEL_PROTOCOL.md	3583	f78ec1e4632c79322047d1ad38042ad7fbe40377ac82118cfb531ee17c2e649a	text/markdown	protocol_material
protocols/05_expert_validation_protocol/recruitment/ELIGIBILITY_AND_CONFLICT_CONTROLS.md	680	4a8f15b30d12dd2ead807d493f6b239cfd8b6a5d591b6a8064039aefb54f027c	text/markdown	protocol_material
protocols/05_expert_validation_protocol/recruitment/EMAIL_INVITATION_TEMPLATE.md	703	c308772e8f6bab9cac984005555f9c508d0cc3dd5c3040d8636e9e4554e54043	text/markdown	protocol_material
protocols/05_expert_validation_protocol/recruitment/PANEL_SAMPLING_FRAME.csv	1599	c04869dd4db130e776215e1f5021a431b5530b3fa8852490171c15658563a4f5	text/csv	protocol_material
protocols/05_expert_validation_protocol/reporting/CONSENSUS_MATRIX_STATUS.csv	420	edaa3e56e49591be7e762556d1ac2a3160b96809df48e55f75df1c0d9ae620e8	text/csv	protocol_material
protocols/05_expert_validation_protocol/reporting/CREDES_DELPHISTAR_RAND_MAPPING.csv	830	1656333eba36c69d5421abd17b2622d46153578646867b28f96d8e2e3f2f285f	text/csv	protocol_material
protocols/05_expert_validation_protocol/reporting/EXPERT_VALIDATION_CLAIM_BOUNDARY.md	547	71b4849fce2233dc797f01c0a7b5b3fd3de3f9831c77e19a7ef77ec50af9a4d9	text/markdown	protocol_material
protocols/05_expert_validation_protocol/scripts/analyse_expert_panel.py	3122	069fca55e72c11c28aa39ed928fb18a76b4d3e916e3e0679745ce1420a29804f	text/x-python	protocol_material
pyproject.toml	1297	e7983eac15aecf6b933bac02a262cf96ca5422a5e1579ad656b8aa1532552e32	application/toml	other_release_file
references/references_capability_statement.bib	187	817f54dd986bad33bd4611dd89c79adc54005e2e1dbbf2e6595da88827060f63	text/x-bibtex	documentation
references/references_decision_framework.bib	2034	e7f49e6a0fb2bacbfa6a0f66ed06c877db6c73170b5fc06630b17c01f78abfca	text/x-bibtex	documentation
references/references_external_services.bib	990	c08db1d176711c07506ecd719725e0a72fc2df1e822a8d5ccaaf73a2e0ca6408	text/x-bibtex	documentation
references/references_fhir_ihe.bib	989	564254efeaa70d995c30eac37e2280f807e12a7aea840cca53b134f57729d92e	text/x-bibtex	documentation
references/references_legal_traceability.bib	794	4e81f95e7f8727963cce33e7c692546c4f15c4980601690e1d9c221904768b03	text/x-bibtex	documentation
references/references_prior_work.bib	3972	ed8b1dbe166a44cd02bf8f2ef640e2a767d2a322020435de28ffc9a9c924434b	text/x-bibtex	documentation
references/references_simulation_reporting.bib	688	788fc5a7e4bf6355e2d10fb4454619d8676f3a2bd597473eedb09891518929e2	text/x-bibtex	documentation
requirements-core.txt	87	f49c625a83c8a13c72b90771b3c18b7e8a743b4b30a04e4c59a6ac25280644b7	text/plain	other_release_file
requirements-external.txt	73	23aa48d41d06ff62b484516aaf09e6df11114820730598fbafcfd893bd456eab	text/plain	other_release_file
requirements-test.txt	49	997b2d54e2bd5baa6833f5a8118a704e4b58cd87721a35e2a3b81390ed48dbdd	text/plain	other_release_file
results_expected/quick_local_reference/README.md	276	041ea1b9cd1c42ef163019f7963e54c90066136078540e54a7046d8a3e03df03	text/markdown	top_level_metadata
results_expected/quick_local_reference/anomaly_log.csv	85	57dccab0afbaff901754ffafc326832c967bef47d6e1bdd775bc586e03e6fbc3	text/csv	other_release_file
results_expected/quick_local_reference/audit_query_measurements.csv	1193	f7e4f5c6baa8372a0a05317032a5060bed2afe7fdb70fbd7b02a4eabf587b320	text/csv	other_release_file
results_expected/quick_local_reference/hardware_software_disclosure.csv	179	518edc7f58d44a7ae7798a18dbb5a14724e3d359014cee568b245fceeeaa37d9	text/csv	other_release_file
results_expected/quick_local_reference/measurement_manifest.csv	1159	ee0c3ad71f2a50d22fd6c808ed572195ee3a945be1eee9b3a1266393865a4fc3	text/csv	other_release_file
results_expected/quick_local_reference/planned_runs.csv	734	e5e367702901fc38771d4ae23fb74ef841447b1a2aa18878bfe39d7ce42926f8	text/csv	other_release_file
results_expected/quick_local_reference/proof_measurements.csv	16457	7049ab7c6e44e0a104d4ed3edac6aaaa07810e1aa90351f0e972a724bf427527	text/csv	other_release_file
results_expected/quick_local_reference/raw_write_measurements.csv	28727	e18713dd9a6b84b1145d7a7b18a744e128e3796dbcd16cc111a5088bbb2a8c53	text/csv	other_release_file
results_expected/quick_local_reference/run_summary.csv	887	6e0b8e3f57b20dd482514f786bfc9673f4632bbb5825287279642cec9f418167	text/csv	other_release_file
results_expected/quick_local_reference/service_preflight.csv	187	a6861b70ddcf50aa57c6144eeaeba055472edbd028654866ca0704f49e3a4672	text/csv	other_release_file
results_expected/quick_local_reference/statistical_summary.csv	6290	044c1b70acd952e40b85130433cf83b1cb0a26d18059bddca97d05eb91dccb1c	text/csv	other_release_file
results_expected/quick_local_reference/storage_snapshots.csv	811	b4e8ad978be4055a9ce4d3966d90de4aca05bc019bfe465b36adf23227f09e00	text/csv	other_release_file
schemas/results/anomaly_log.csv.schema.json	239	83629f92f3ef12a3e3c46bbc0e873e4b89810841e0fe909eab51e9d9711534b9	application/json	schema
schemas/results/audit_query_measurements.csv.schema.json	301	4e7e1a996e5b7591b48b02b39a9b5f20075ce7a94a4008116cfa031c91ead0fb	application/json	schema
schemas/results/hardware_software_disclosure.csv.schema.json	164	9c665eb9f443546dae10d6c32c7c9bccb1847221068eefb5a49e2f352e3f5179	application/json	schema
schemas/results/measurement_manifest.csv.schema.json	191	6dd2276019bc8a8d2cb65dd68c752c86aec8148d2920ebb5384deb8ea6b4c126	application/json	schema
schemas/results/planned_runs.csv.schema.json	222	54520a7c10e9fc409c9a86dec4223f6f481e35c94fd40aca14df22458cf51b49	application/json	schema
schemas/results/proof_measurements.csv.schema.json	259	2d67f853775753a69e7aeaa987db982bbe778f3310faca2539203baf2d66b4d4	application/json	schema
schemas/results/raw_write_measurements.csv.schema.json	337	0ff4780ab5871f61486d87fb2b2799d8409019e6b7e19ef4903727dc4f97de6d	application/json	schema
schemas/results/run_summary.csv.schema.json	312	48d7e6c2eb64173fd994e6ee5e221a590ff74c671ae9f05cb4e618e737862b1d	application/json	schema
schemas/results/service_preflight.csv.schema.json	243	2871d385f01e983965fa8e4201824497f7ecf535593f3847f79e542c27580a0a	application/json	schema
schemas/results/statistical_summary.csv.schema.json	300	3688cb1e02ce854ff3332906c7b41b73d6682fee6faa7a89c9a30a190fad8ea6	application/json	schema
schemas/results/storage_snapshots.csv.schema.json	283	c5615479f75995968966cd86137c3c54ad7d2a034fb62899c7f091187f866265	application/json	schema
scripts/clean_release.py	873	758094d5f1c3b728f044d08a8e2dd69cdbdcda8c7be157aa18e181c54b02d172	text/x-python	other_release_file
scripts/external_preflight.py	234	7bb0eead23d26957663c2a43834bcdee09b8c79868eb22c5df0bc167b27855ad	text/x-python	other_release_file
scripts/fabric_network_up.sh	487	37a4d2bd885a43b8ae05d731a629e67c24fa348f9b3c0c311b3a3c694d9ffd99	text/x-sh	other_release_file
scripts/generate_trillian_stubs.sh	545	f320a10d368e370c506144a439b2916455d083d6169b25b38287761ce04226bb	text/x-sh	other_release_file
scripts/make_file_manifest.py	2191	c3d91b235b766ab943957446dd1e5d7530400842cdad35176656c4c04447e548	text/x-python	other_release_file
scripts/make_output_manifest.py	1352	05d758fe52ff6d0491c496358bb038c2ef3c20ff3ee6cd53558e44b52e8d0135	text/x-python	other_release_file
scripts/make_sha256sums.py	1200	fe8c053365d49744e03111daaf0505a1abe64272ecfe0f41503b8baa0cf066c7	text/x-python	other_release_file
scripts/repository_check.py	4955	f2e2f6e7babe3b98f2ca5f8ef8cdf4c21700eabd456ef5947d3865678c3a34db	text/x-python	other_release_file
scripts/reproduce_v1_5_1.sh	136	28b2ba622236af2e1cde76ad5c324c8a51fa42dbc11d87e11298c4dda3228c68	text/x-sh	other_release_file
scripts/run_evaluation_smoke.py	2091	f137f2429834e2689d94eb369c98c84a33065babe7332995869df2436c4ee7af	text/x-python	other_release_file
scripts/validate_fsh_static.py	1379	cc55f95278644c16a45148e08f809b36bf140dcd11bd43186dd9f84f70d57ecd	text/x-python	other_release_file
scripts/validate_ig_static.py	1696	f0483c98aedfa69cba7ea2af0e29dd1b90a2f4f9375ce5b6142e3a132adfda4a	text/x-python	other_release_file
scripts/validate_legal_traceability.py	856	34d7d41d1764759b342d49917d2337abc980948c445ecfca97aa2f083b244002	text/x-python	other_release_file
scripts/validate_lji2.py	641	5eb2d01f3f24643186be02851bde05f743b13100e8e887ac8bd644df64a80190	text/x-python	other_release_file
scripts/validate_results_schema.py	339	b160499e4f22fde3cbd54eb0d6417ebae236e7e0db3100bbc12baa3b24183e1c	text/x-python	other_release_file
scripts/vendor_baselines.sh	808	2f45b45ca66feac8e4190c48c9e41344bf809f47bc4b1fd25074285698be1d1e	text/x-sh	other_release_file
scripts/verify_file_manifest.py	1251	d7ccc65f21b176776e0ffe4dfdc4cc03adf03f677379db91ab763ae547a362cb	text/x-python	other_release_file
scripts/verify_sha256sums.py	1568	a075d9045d68147c19d7ec46bce18c33c12191bf062fcf58dfc099fa1145f727	text/x-python	other_release_file
sql/a1_postgres.sql	740	d3ea3f8631feb629b86b08412e4146f4311fdc96f3cecea64d0f3e44211e23ed	application/sql	other_release_file
src/te_backend_upgrade/__init__.py	90	4365a1e3713e4838a8c1865ee2baa8abb6a8f3139b59ccf2830ded7d4e3aaf7e	text/x-python	source_code
src/te_backend_upgrade/backends/__init__.py	0	e3b0c44298fc1c149afbf4c8996fb92427ae41e4649b934ca495991b7852b855	text/x-python	source_code
src/te_backend_upgrade/backends/postgres_schema.sql	113	738822522db30844176ae62c8cbca3201434808554b43c162142dd1e68afda23	application/sql	source_code
src/te_backend_upgrade/canonical.py	1405	f4d30f2283feea552536b4d4097a3c172cd3fb9dabea551b79f015a583038513	text/x-python	source_code
src/te_backend_upgrade/merkle_log.py	8659	e2455cc96e2a584937c5c2a9610be6212a4c012fe9cb64e24584c3d38ddc0ec8	text/x-python	source_code
src/te_backend_upgrade/postgres_backend.py	126	fa121bfe74c628cf11446d2d2fa888813889b1d829a5dae2a96d8124a399e3f3	text/x-python	source_code
src/te_backend_upgrade/rekor_adapter.py	123	5572ecbf04006a6306d99252c00afedfee691525356cdb0259c7c21cd0028c76	text/x-python	source_code
src/teasim/__init__.py	204	e64761d482f0c27aa7be5e2f71639a75afb086e00b8798bc013a85f09c7a9bb1	text/x-python	source_code
src/teasim/__main__.py	79	307299fda7b77d22c64cb51430ec75e5f59d78e9c948786afb3b2544fe45e4b7	text/x-python	source_code
src/teasim/cli.py	643	8ca83a956f9b356a83cd0613a939068ca3366b7693f43ccf5275036b0c451eed	text/x-python	source_code
src/teasim/compat/__init__.py	57	5d29c8b3e3133a7f67dffcacdeaa9361edf93cc3432c0c9f2a859401cf39d50a	text/x-python	source_code
src/teasim/compat/v1_5_1.py	1168	d10e2cb679895f7630522d0c6be58e71cf8099a427d7125a0594610193465751	text/x-python	source_code
src/trustevidence/__init__.py	204	82def62876b06da4309f1ea197351f9204d6d58423b7d7275b2e171733e4b254	text/x-python	source_code
src/trustevidence/adapters/__init__.py	498	cc29d3f14e39d927ffcd9ddac6c935872ffa71ba01759146b398455d02794149	text/x-python	source_code
src/trustevidence/adapters/common.py	1381	6826455866d929c3c849c2f25889e4ec68f9c9aefd964d1cbcbcb73e5652b981	text/x-python	source_code
src/trustevidence/adapters/fabric.py	3527	04ceb1b0e28bc84aedb18c19695e729f125101e8d3debc8d523c9fc9e3510b1b	text/x-python	source_code
src/trustevidence/adapters/hapi.py	1486	5aa8c026fca6eb0ce9c1d6197eba988b00481a5553c697c4c29849c663565a5d	text/x-python	source_code
src/trustevidence/adapters/rekor.py	4302	6518687fdd611d561a52046f95dfbcb878196a0dc029dab53a70e9f51785319e	text/x-python	source_code
src/trustevidence/adapters/trillian_personality.py	5344	f448d4103ba8549553de638e7d49c46f96b5943eb4d16e426fb76f6c755218c6	text/x-python	source_code
src/trustevidence/backends/__init__.py	94	a9d7d62d47db5a7016db4130d5da600f91fbbf64619ede6e66f950e1ea2f2e30	text/x-python	source_code
src/trustevidence/backends/a1.py	2603	39c6d009bb62fa06878f0bca89ba1c98fc5f5d1f6e6c5d2584a20bb7c713831b	text/x-python	source_code
src/trustevidence/backends/a2_merkle.py	5769	d05d92bd8759ebdb7c98715f96a233be2c240553d94016de9b14d4d6a9202a38	text/x-python	source_code
src/trustevidence/canonical.py	2476	07aca9ec9a0fb9cc17a88d76cbacc75b0065a78bb4821918a5995f777dc9c48d	text/x-python	source_code
src/trustevidence/crypto.py	2725	240efe01e7655ec471a46b6f9e2bce40d030733e6052210800f6a31224618efb	text/x-python	source_code
src/trustevidence/envelope.py	1511	eed80ba77cd08d5948a357a34e53b8a5b03ce87361989ca450a6c20083a4b764	text/x-python	source_code
src/trustevidence/errors.py	888	3475c243214ee03659e4f55641bc054e9acd7dddb7b588ad69818c88aecb59f6	text/x-python	source_code
src/trustevidence/harness/__init__.py	34	55afac9c9eb758d83933c03012490f4d8c3486b11ef7fe766bd65718cad73fbd	text/x-python	source_code
src/trustevidence/harness/replay_workload.py	3021	6bf1678079d933ed98a6f0adb2e8849bce5a55c020778bfc0c6d4e39575fcebd	text/x-python	source_code
src/trustevidence/harness/smoke.py	2411	9e9f0e2fce4183cd744893a04dfaf2446c08fa7d15e09fb51b4b88c7744f208a	text/x-python	source_code
src/trustevidence/harness/workload.py	2654	9b3fc5e70fcea4d56c3d9eebcc7b642bd78165917210c6aaac0838a715c0f89b	text/x-python	source_code
src/trustevidence/middleware.py	301	8b0bded9f3dae87584ecf77a3f5ed72cbb802c2f358884cde732ac361a747380	text/x-python	source_code
src/trustevidence/proof_store.py	519	2bfd8c9d2267e159c94d7f932fba6124800168914d654dfb7f07fe195722387c	text/x-python	source_code
src/trustevidence/schema.py	693	5c8f96755f2eb7d6abce833ed7f7e8a794de3f20d01e834797d41d77ba99cd95	text/x-python	source_code
src/trustevidence/schemas/__init__.py	48	74bb88e5d4dfadd7814f70b8fa141bf9ff65aeb010e532ed0792625836ca9da4	text/x-python	source_code
src/trustevidence/schemas/trust_evidence_envelope.schema.json	11084	dbb13f5e8fc5aab54edb8717bbb14e45523adf82eb64e4b0bc62d3a9cc1c4825	application/json	source_code
src/trustevidence/validators.py	3133	7c2f10662a630526faf4417bc9970cb1f2dfc6913745c4f1be7782be0655da32	text/x-python	source_code
tables/backend_adapter_trace.csv	1295	50e9726114a1d5826c322cf1875ab88d5230cde2a801cfa1522c36c8c6c6c714	text/csv	research_output
tables/backends.csv	685	d28e7d6fd0bc18a06b53e932f3453620f5122569c77ae9277c4748222a92e4df	text/csv	research_output
tables/balp_atna_mapping.csv	1518	6a115abb4ff35468fff6342c41ed6828edba1fb18b2f24247212e911c4646ab5	text/csv	research_output
tables/code_theorem_correspondence.csv	2964	3d9d2c7b8d700f204fbe188cc14d5fffbf3dc9a88c95365620adf9ab2b94f9af	text/csv	research_output
tables/code_theorem_trace.csv	1501	ded3f3d9f1a53c184f2d3f92db72352314a24e6a2d07dc914ba556edf7b19427	text/csv	research_output
tables/delphi_panel_criteria.csv	1160	463695881e755bc45458eadfdf73419145b2ff2fdfbed57f5b9c5dbf60792ddd	text/csv	research_output
tables/delphi_round_plan.csv	1257	bf1116145eb023868d0aac747a6197983f47cfedaa8f2e056e582053e0f18aaa	text/csv	research_output
tables/fhir_capability_statements.csv	289	7b9891eef8d603bb9f9a304287836c0b67dbe0590fa76112272c5c978f374bd8	text/csv	research_output
tables/fhir_conformance_test_plan.csv	1693	488ff564e79d650efd5e3cbd871ff3d77e9b33b5c09042a5d573c6967ed689e5	text/csv	research_output
tables/fhir_ig_qa_checklist.csv	550	f5a07b33e227f30eddbe2283e30a1927c30f37ca81ad0eb6254313702e373bc2	text/csv	research_output
tables/legal_traceability_matrix.csv	11935	9e5ed00f34f20de9a717f590c4b809534f66015edb1527bc4ce32a0340c25475	text/csv	research_output
tables/lji1_retirement_bridge.csv	1827	7e0bfaffa88033bdb62d362a7d0dd6994d3f0f9dc16f99bd34cb13ff7d708feb	text/csv	research_output
tables/lji2_axioms.csv	2476	565b4a792352bebe155d0e1028b38080e1d91677402503ca7b6a4020b4c602f7	text/csv	research_output
tables/lji2_criteria.csv	6144	bf9f35ee608b8960d29e1ab11dba5045b56eaeffe19d46ff2bfc16956afdcfe2	text/csv	research_output
tables/lji2_screening_rules.csv	2017	40f4f862f67567bf0f1dec288c513c9fc69be28f59abd06d42a813e8b4cf5c31	text/csv	research_output
tables/lji2_sensitivity_plan.csv	2649	109ed5cc7457b3782ab5ad937620686b5eb136361b2e86485a2c1a70eab60c77	text/csv	research_output
tables/lji2_wuest_gervais_refinement.csv	2840	6688dd5a200955046c46847d9d3b262756dd0ad3c16632133fadeb8a771acd02	text/csv	research_output
tables/metrics.csv	1331	c25a972a1d755458f847c966df97d9ba3ab61ac532c3616e4bb6a282a52fdfe6	text/csv	research_output
tables/property_backend_adversary_matrix.csv	13738	f54ef6c41ba4620964fc623e3f2636b91b2d78a7f8e02314e0088046ff5b4d81	text/csv	research_output
tables/result_schemas.csv	2085	e6d7d32df494cc3936a3868f037483f79fd6e1dbc1e20c823583ef09e1d76cae	text/csv	research_output
tables/run_matrix.csv	4764	8b4e2c1e0936332fa47d3b0ce8db927976de96e052ca5d8212a7d021dbdce76e	text/csv	research_output
tables/smoke_matrix.csv	1212	7835d42dc48d1a25663fe03a16b8fcbf078c334c1acb318db2391d59134daba5	text/csv	research_output
tables/standards_pathway.csv	602	d2707e0ffa79b89a40d51ea7633cd6db288bbe9ac9e52308e639ac88e4260417	text/csv	research_output
tables/workloads.csv	1421	ca0009dddfb89bf7a935842af0896d183d8cfa517d49f2bd3332eaf2950a5926	text/csv	research_output
tests/access_attestation_envelope.example.json	3018	4f6d00c8dfbf368bda386077e531d678dadf8cc13d644bb1c165831c99c79587	application/json	tests
tests/conftest.py	491	f7343dbde12123f18400c4b389903a1e89039751e7c35cdef23dfbc8e7b22b4b	text/x-python	tests
tests/test_adapters.py	4177	83ca9a8e6de1fe8b74b201ec1bbeca78cb9a4a7ad27b4b4d67017b4d533a2104	text/x-python	tests
tests/test_core.py	4520	9473db793a6b6f83f689a94aaf6e77fc6a751d44ae89e51f0fbe0814336a41ee	text/x-python	tests
tests/test_merkle_property_evaluation.py	7741	c46ad2f23265b6bd06702d982a7011e03bc4435d2c4f3764613900a645832ef1	text/x-python	tests
tests/test_properties_hypothesis.py	2206	9808a2f8dc7fecb6e4b32eecebdf4c31ba47301c19a74c5c04281e0e8f923918	text/x-python	tests
